registro_id;ensaio_id;versao;cenario;tipo;metrica;valor;numerador;denominador;peso;unidade
PRJ38-S01-M001;PRJ38-S01;motor-P1-v1;L01-F1-E1;contador;decisões divergentes do sequencial-v4;;96;889;;casos
PRJ38-S01-M002;PRJ38-S01;motor-P1-v1;L01-F1-E2;contador;decisões divergentes do sequencial-v4;;0;889;;casos
PRJ38-S01-M003;PRJ38-S01;motor-P1-v1;L01-F1-E3;contador;decisões divergentes do sequencial-v4;;0;889;;casos
PRJ38-S01-M004;PRJ38-S01;motor-P1-v1;L01-F2-E1;contador;decisões divergentes do sequencial-v4;;0;889;;casos
PRJ38-S01-M005;PRJ38-S01;motor-P1-v1;L01-F2-E2;contador;decisões divergentes do sequencial-v4;;0;889;;casos
PRJ38-S01-M006;PRJ38-S01;motor-P1-v1;L01-F2-E3;contador;decisões divergentes do sequencial-v4;;0;889;;casos
PRJ38-S01-M007;PRJ38-S01;motor-P1-v1;L01-F3-E1;contador;decisões divergentes do sequencial-v4;;0;889;;casos
PRJ38-S01-M008;PRJ38-S01;motor-P1-v1;L01-F3-E2;contador;decisões divergentes do sequencial-v4;;0;889;;casos
PRJ38-S01-M009;PRJ38-S01;motor-P1-v1;L01-F3-E3;contador;decisões divergentes do sequencial-v4;;0;889;;casos
PRJ38-S01-M010;PRJ38-S01;motor-P1-v1;L01-F4-E1;contador;decisões divergentes do sequencial-v4;;0;889;;casos
PRJ38-S01-M011;PRJ38-S01;motor-P1-v1;L01-F4-E2;contador;decisões divergentes do sequencial-v4;;0;889;;casos
PRJ38-S01-M012;PRJ38-S01;motor-P1-v1;L01-F4-E3;contador;decisões divergentes do sequencial-v4;;0;889;;casos
PRJ38-S01-M013;PRJ38-S01;motor-P1-v1;L01-F5-E1;contador;decisões divergentes do sequencial-v4;;0;889;;casos
PRJ38-S01-M014;PRJ38-S01;motor-P1-v1;L01-F5-E2;contador;decisões divergentes do sequencial-v4;;0;889;;casos
PRJ38-S01-M015;PRJ38-S01;motor-P1-v1;L01-F5-E3;contador;decisões divergentes do sequencial-v4;;0;889;;casos
PRJ38-S01-M016;PRJ38-S01;motor-P1-v1;L02-F1-E1;contador;decisões divergentes do sequencial-v4;;0;889;;casos
PRJ38-S01-M017;PRJ38-S01;motor-P1-v1;L02-F1-E2;contador;decisões divergentes do sequencial-v4;;0;889;;casos
PRJ38-S01-M018;PRJ38-S01;motor-P1-v1;L02-F1-E3;contador;decisões divergentes do sequencial-v4;;0;889;;casos
PRJ38-S01-M019;PRJ38-S01;motor-P1-v1;L02-F2-E1;contador;decisões divergentes do sequencial-v4;;0;889;;casos
PRJ38-S01-M020;PRJ38-S01;motor-P1-v1;L02-F2-E2;contador;decisões divergentes do sequencial-v4;;0;889;;casos
PRJ38-S01-M021;PRJ38-S01;motor-P1-v1;L02-F2-E3;contador;decisões divergentes do sequencial-v4;;0;889;;casos
PRJ38-S01-M022;PRJ38-S01;motor-P1-v1;L02-F3-E1;contador;decisões divergentes do sequencial-v4;;0;889;;casos
PRJ38-S01-M023;PRJ38-S01;motor-P1-v1;L02-F3-E2;contador;decisões divergentes do sequencial-v4;;0;889;;casos
PRJ38-S01-M024;PRJ38-S01;motor-P1-v1;L02-F3-E3;contador;decisões divergentes do sequencial-v4;;0;889;;casos
PRJ38-S01-M025;PRJ38-S01;motor-P1-v1;L02-F4-E1;contador;decisões divergentes do sequencial-v4;;0;889;;casos
PRJ38-S01-M026;PRJ38-S01;motor-P1-v1;L02-F4-E2;contador;decisões divergentes do sequencial-v4;;0;889;;casos
PRJ38-S01-M027;PRJ38-S01;motor-P1-v1;L02-F4-E3;contador;decisões divergentes do sequencial-v4;;0;889;;casos
PRJ38-S01-M028;PRJ38-S01;motor-P1-v1;L02-F5-E1;contador;decisões divergentes do sequencial-v4;;0;889;;casos
PRJ38-S01-M029;PRJ38-S01;motor-P1-v1;L02-F5-E2;contador;decisões divergentes do sequencial-v4;;0;889;;casos
PRJ38-S01-M030;PRJ38-S01;motor-P1-v1;L02-F5-E3;contador;decisões divergentes do sequencial-v4;;0;889;;casos
PRJ38-S01-M031;PRJ38-S01;motor-P1-v1;L03-F1-E1;contador;decisões divergentes do sequencial-v4;;0;889;;casos
PRJ38-S01-M032;PRJ38-S01;motor-P1-v1;L03-F1-E2;contador;decisões divergentes do sequencial-v4;;0;889;;casos
PRJ38-S01-M033;PRJ38-S01;motor-P1-v1;L03-F1-E3;contador;decisões divergentes do sequencial-v4;;0;889;;casos
PRJ38-S01-M034;PRJ38-S01;motor-P1-v1;L03-F2-E1;contador;decisões divergentes do sequencial-v4;;0;889;;casos
PRJ38-S01-M035;PRJ38-S01;motor-P1-v1;L03-F2-E2;contador;decisões divergentes do sequencial-v4;;0;889;;casos
PRJ38-S01-M036;PRJ38-S01;motor-P1-v1;L03-F2-E3;contador;decisões divergentes do sequencial-v4;;0;889;;casos
PRJ38-S01-M037;PRJ38-S01;motor-P1-v1;L03-F3-E1;contador;decisões divergentes do sequencial-v4;;0;889;;casos
PRJ38-S01-M038;PRJ38-S01;motor-P1-v1;L03-F3-E2;contador;decisões divergentes do sequencial-v4;;0;889;;casos
PRJ38-S01-M039;PRJ38-S01;motor-P1-v1;L03-F3-E3;contador;decisões divergentes do sequencial-v4;;0;889;;casos
PRJ38-S01-M040;PRJ38-S01;motor-P1-v1;L03-F4-E1;contador;decisões divergentes do sequencial-v4;;0;889;;casos
PRJ38-S01-M041;PRJ38-S01;motor-P1-v1;L03-F4-E2;contador;decisões divergentes do sequencial-v4;;0;889;;casos
PRJ38-S01-M042;PRJ38-S01;motor-P1-v1;L03-F4-E3;contador;decisões divergentes do sequencial-v4;;0;889;;casos
PRJ38-S01-M043;PRJ38-S01;motor-P1-v1;L03-F5-E1;contador;decisões divergentes do sequencial-v4;;0;889;;casos
PRJ38-S01-M044;PRJ38-S01;motor-P1-v1;L03-F5-E2;contador;decisões divergentes do sequencial-v4;;0;889;;casos
PRJ38-S01-M045;PRJ38-S01;motor-P1-v1;L03-F5-E3;contador;decisões divergentes do sequencial-v4;;0;889;;casos
PRJ38-S01-M046;PRJ38-S01;motor-P1-v1;L04-F1-E1;contador;decisões divergentes do sequencial-v4;;0;889;;casos
PRJ38-S01-M047;PRJ38-S01;motor-P1-v1;L04-F1-E2;contador;decisões divergentes do sequencial-v4;;0;889;;casos
PRJ38-S01-M048;PRJ38-S01;motor-P1-v1;L04-F1-E3;contador;decisões divergentes do sequencial-v4;;0;889;;casos
PRJ38-S01-M049;PRJ38-S01;motor-P1-v1;L04-F2-E1;contador;decisões divergentes do sequencial-v4;;0;889;;casos
PRJ38-S01-M050;PRJ38-S01;motor-P1-v1;L04-F2-E2;contador;decisões divergentes do sequencial-v4;;0;889;;casos
PRJ38-S01-M051;PRJ38-S01;motor-P1-v1;L04-F2-E3;contador;decisões divergentes do sequencial-v4;;0;889;;casos
PRJ38-S01-M052;PRJ38-S01;motor-P1-v1;L04-F3-E1;contador;decisões divergentes do sequencial-v4;;0;889;;casos
PRJ38-S01-M053;PRJ38-S01;motor-P1-v1;L04-F3-E2;contador;decisões divergentes do sequencial-v4;;0;889;;casos
PRJ38-S01-M054;PRJ38-S01;motor-P1-v1;L04-F3-E3;contador;decisões divergentes do sequencial-v4;;0;889;;casos
PRJ38-S01-M055;PRJ38-S01;motor-P1-v1;L04-F4-E1;contador;decisões divergentes do sequencial-v4;;0;889;;casos
PRJ38-S01-M056;PRJ38-S01;motor-P1-v1;L04-F4-E2;contador;decisões divergentes do sequencial-v4;;0;889;;casos
PRJ38-S01-M057;PRJ38-S01;motor-P1-v1;L04-F4-E3;contador;decisões divergentes do sequencial-v4;;0;889;;casos
PRJ38-S01-M058;PRJ38-S01;motor-P1-v1;L04-F5-E1;contador;decisões divergentes do sequencial-v4;;0;889;;casos
PRJ38-S01-M059;PRJ38-S01;motor-P1-v1;L04-F5-E2;contador;decisões divergentes do sequencial-v4;;0;889;;casos
PRJ38-S01-M060;PRJ38-S01;motor-P1-v1;L04-F5-E3;contador;decisões divergentes do sequencial-v4;;0;889;;casos
PRJ38-S01-M061;PRJ38-S01;motor-P1-v1;L05-F1-E1;contador;decisões divergentes do sequencial-v4;;0;889;;casos
PRJ38-S01-M062;PRJ38-S01;motor-P1-v1;L05-F1-E2;contador;decisões divergentes do sequencial-v4;;0;889;;casos
PRJ38-S01-M063;PRJ38-S01;motor-P1-v1;L05-F1-E3;contador;decisões divergentes do sequencial-v4;;0;889;;casos
PRJ38-S01-M064;PRJ38-S01;motor-P1-v1;L05-F2-E1;contador;decisões divergentes do sequencial-v4;;0;889;;casos
PRJ38-S01-M065;PRJ38-S01;motor-P1-v1;L05-F2-E2;contador;decisões divergentes do sequencial-v4;;0;889;;casos
PRJ38-S01-M066;PRJ38-S01;motor-P1-v1;L05-F2-E3;contador;decisões divergentes do sequencial-v4;;0;889;;casos
PRJ38-S01-M067;PRJ38-S01;motor-P1-v1;L05-F3-E1;contador;decisões divergentes do sequencial-v4;;0;889;;casos
PRJ38-S01-M068;PRJ38-S01;motor-P1-v1;L05-F3-E2;contador;decisões divergentes do sequencial-v4;;0;889;;casos
PRJ38-S01-M069;PRJ38-S01;motor-P1-v1;L05-F3-E3;contador;decisões divergentes do sequencial-v4;;0;889;;casos
PRJ38-S01-M070;PRJ38-S01;motor-P1-v1;L05-F4-E1;contador;decisões divergentes do sequencial-v4;;0;889;;casos
PRJ38-S01-M071;PRJ38-S01;motor-P1-v1;L05-F4-E2;contador;decisões divergentes do sequencial-v4;;0;889;;casos
PRJ38-S01-M072;PRJ38-S01;motor-P1-v1;L05-F4-E3;contador;decisões divergentes do sequencial-v4;;0;889;;casos
PRJ38-S01-M073;PRJ38-S01;motor-P1-v1;L05-F5-E1;contador;decisões divergentes do sequencial-v4;;0;889;;casos
PRJ38-S01-M074;PRJ38-S01;motor-P1-v1;L05-F5-E2;contador;decisões divergentes do sequencial-v4;;0;889;;casos
PRJ38-S01-M075;PRJ38-S01;motor-P1-v1;L05-F5-E3;contador;decisões divergentes do sequencial-v4;;0;889;;casos
PRJ38-S01-M076;PRJ38-S01;motor-P1-v1;L06-F1-E1;contador;decisões divergentes do sequencial-v4;;0;889;;casos
PRJ38-S01-M077;PRJ38-S01;motor-P1-v1;L06-F1-E2;contador;decisões divergentes do sequencial-v4;;0;889;;casos
PRJ38-S01-M078;PRJ38-S01;motor-P1-v1;L06-F1-E3;contador;decisões divergentes do sequencial-v4;;0;889;;casos
PRJ38-S01-M079;PRJ38-S01;motor-P1-v1;L06-F2-E1;contador;decisões divergentes do sequencial-v4;;0;889;;casos
PRJ38-S01-M080;PRJ38-S01;motor-P1-v1;L06-F2-E2;contador;decisões divergentes do sequencial-v4;;0;889;;casos
PRJ38-S01-M081;PRJ38-S01;motor-P1-v1;L06-F2-E3;contador;decisões divergentes do sequencial-v4;;0;889;;casos
PRJ38-S01-M082;PRJ38-S01;motor-P1-v1;L06-F3-E1;contador;decisões divergentes do sequencial-v4;;0;889;;casos
PRJ38-S01-M083;PRJ38-S01;motor-P1-v1;L06-F3-E2;contador;decisões divergentes do sequencial-v4;;0;889;;casos
PRJ38-S01-M084;PRJ38-S01;motor-P1-v1;L06-F3-E3;contador;decisões divergentes do sequencial-v4;;0;889;;casos
PRJ38-S01-M085;PRJ38-S01;motor-P1-v1;L06-F4-E1;contador;decisões divergentes do sequencial-v4;;0;889;;casos
PRJ38-S01-M086;PRJ38-S01;motor-P1-v1;L06-F4-E2;contador;decisões divergentes do sequencial-v4;;0;889;;casos
PRJ38-S01-M087;PRJ38-S01;motor-P1-v1;L06-F4-E3;contador;decisões divergentes do sequencial-v4;;0;889;;casos
PRJ38-S01-M088;PRJ38-S01;motor-P1-v1;L06-F5-E1;contador;decisões divergentes do sequencial-v4;;0;889;;casos
PRJ38-S01-M089;PRJ38-S01;motor-P1-v1;L06-F5-E2;contador;decisões divergentes do sequencial-v4;;0;889;;casos
PRJ38-S01-M090;PRJ38-S01;motor-P1-v1;L06-F5-E3;contador;decisões divergentes do sequencial-v4;;0;889;;casos
PRJ38-S01-M091;PRJ38-S01;motor-P1-v1;L07-F1-E1;contador;decisões divergentes do sequencial-v4;;0;889;;casos
PRJ38-S01-M092;PRJ38-S01;motor-P1-v1;L07-F1-E2;contador;decisões divergentes do sequencial-v4;;0;889;;casos
PRJ38-S01-M093;PRJ38-S01;motor-P1-v1;L07-F1-E3;contador;decisões divergentes do sequencial-v4;;0;889;;casos
PRJ38-S01-M094;PRJ38-S01;motor-P1-v1;L07-F2-E1;contador;decisões divergentes do sequencial-v4;;0;889;;casos
PRJ38-S01-M095;PRJ38-S01;motor-P1-v1;L07-F2-E2;contador;decisões divergentes do sequencial-v4;;0;889;;casos
PRJ38-S01-M096;PRJ38-S01;motor-P1-v1;L07-F2-E3;contador;decisões divergentes do sequencial-v4;;0;889;;casos
PRJ38-S01-M097;PRJ38-S01;motor-P1-v1;L07-F3-E1;contador;decisões divergentes do sequencial-v4;;0;889;;casos
PRJ38-S01-M098;PRJ38-S01;motor-P1-v1;L07-F3-E2;contador;decisões divergentes do sequencial-v4;;0;889;;casos
PRJ38-S01-M099;PRJ38-S01;motor-P1-v1;L07-F3-E3;contador;decisões divergentes do sequencial-v4;;0;889;;casos
PRJ38-S01-M100;PRJ38-S01;motor-P1-v1;L07-F4-E1;contador;decisões divergentes do sequencial-v4;;0;889;;casos
PRJ38-S01-M101;PRJ38-S01;motor-P1-v1;L07-F4-E2;contador;decisões divergentes do sequencial-v4;;0;889;;casos
PRJ38-S01-M102;PRJ38-S01;motor-P1-v1;L07-F4-E3;contador;decisões divergentes do sequencial-v4;;0;889;;casos
PRJ38-S01-M103;PRJ38-S01;motor-P1-v1;L07-F5-E1;contador;decisões divergentes do sequencial-v4;;0;889;;casos
PRJ38-S01-M104;PRJ38-S01;motor-P1-v1;L07-F5-E2;contador;decisões divergentes do sequencial-v4;;0;889;;casos
PRJ38-S01-M105;PRJ38-S01;motor-P1-v1;L07-F5-E3;contador;decisões divergentes do sequencial-v4;;0;889;;casos
PRJ38-S01-M106;PRJ38-S01;motor-P1-v1;L08-F1-E1;contador;decisões divergentes do sequencial-v4;;0;889;;casos
PRJ38-S01-M107;PRJ38-S01;motor-P1-v1;L08-F1-E2;contador;decisões divergentes do sequencial-v4;;0;889;;casos
PRJ38-S01-M108;PRJ38-S01;motor-P1-v1;L08-F1-E3;contador;decisões divergentes do sequencial-v4;;0;889;;casos
PRJ38-S01-M109;PRJ38-S01;motor-P1-v1;L08-F2-E1;contador;decisões divergentes do sequencial-v4;;0;889;;casos
PRJ38-S01-M110;PRJ38-S01;motor-P1-v1;L08-F2-E2;contador;decisões divergentes do sequencial-v4;;0;889;;casos
PRJ38-S01-M111;PRJ38-S01;motor-P1-v1;L08-F2-E3;contador;decisões divergentes do sequencial-v4;;0;889;;casos
PRJ38-S01-M112;PRJ38-S01;motor-P1-v1;L08-F3-E1;contador;decisões divergentes do sequencial-v4;;0;889;;casos
PRJ38-S01-M113;PRJ38-S01;motor-P1-v1;L08-F3-E2;contador;decisões divergentes do sequencial-v4;;0;889;;casos
PRJ38-S01-M114;PRJ38-S01;motor-P1-v1;L08-F3-E3;contador;decisões divergentes do sequencial-v4;;0;889;;casos
PRJ38-S01-M115;PRJ38-S01;motor-P1-v1;L08-F4-E1;contador;decisões divergentes do sequencial-v4;;0;889;;casos
PRJ38-S01-M116;PRJ38-S01;motor-P1-v1;L08-F4-E2;contador;decisões divergentes do sequencial-v4;;0;889;;casos
PRJ38-S01-M117;PRJ38-S01;motor-P1-v1;L08-F4-E3;contador;decisões divergentes do sequencial-v4;;0;889;;casos
PRJ38-S01-M118;PRJ38-S01;motor-P1-v1;L08-F5-E1;contador;decisões divergentes do sequencial-v4;;0;889;;casos
PRJ38-S01-M119;PRJ38-S01;motor-P1-v1;L08-F5-E2;contador;decisões divergentes do sequencial-v4;;0;889;;casos
PRJ38-S01-M120;PRJ38-S01;motor-P1-v1;L08-F5-E3;contador;decisões divergentes do sequencial-v4;;0;889;;casos
PRJ38-S01-M121;PRJ38-S01;motor-P1-v1;L09-F1-E1;contador;decisões divergentes do sequencial-v4;;0;889;;casos
PRJ38-S01-M122;PRJ38-S01;motor-P1-v1;L09-F1-E2;contador;decisões divergentes do sequencial-v4;;0;889;;casos
PRJ38-S01-M123;PRJ38-S01;motor-P1-v1;L09-F1-E3;contador;decisões divergentes do sequencial-v4;;0;889;;casos
PRJ38-S01-M124;PRJ38-S01;motor-P1-v1;L09-F2-E1;contador;decisões divergentes do sequencial-v4;;0;889;;casos
PRJ38-S01-M125;PRJ38-S01;motor-P1-v1;L09-F2-E2;contador;decisões divergentes do sequencial-v4;;0;889;;casos
PRJ38-S01-M126;PRJ38-S01;motor-P1-v1;L09-F2-E3;contador;decisões divergentes do sequencial-v4;;0;889;;casos
PRJ38-S01-M127;PRJ38-S01;motor-P1-v1;L09-F3-E1;contador;decisões divergentes do sequencial-v4;;0;889;;casos
PRJ38-S01-M128;PRJ38-S01;motor-P1-v1;L09-F3-E2;contador;decisões divergentes do sequencial-v4;;0;889;;casos
PRJ38-S01-M129;PRJ38-S01;motor-P1-v1;L09-F3-E3;contador;decisões divergentes do sequencial-v4;;0;889;;casos
PRJ38-S01-M130;PRJ38-S01;motor-P1-v1;L09-F4-E1;contador;decisões divergentes do sequencial-v4;;0;889;;casos
PRJ38-S01-M131;PRJ38-S01;motor-P1-v1;L09-F4-E2;contador;decisões divergentes do sequencial-v4;;0;889;;casos
PRJ38-S01-M132;PRJ38-S01;motor-P1-v1;L09-F4-E3;contador;decisões divergentes do sequencial-v4;;0;889;;casos
PRJ38-S01-M133;PRJ38-S01;motor-P1-v1;L09-F5-E1;contador;decisões divergentes do sequencial-v4;;0;889;;casos
PRJ38-S01-M134;PRJ38-S01;motor-P1-v1;L09-F5-E2;contador;decisões divergentes do sequencial-v4;;0;889;;casos
PRJ38-S01-M135;PRJ38-S01;motor-P1-v1;L09-F5-E3;contador;decisões divergentes do sequencial-v4;;0;889;;casos
PRJ38-S01-M136;PRJ38-S01;motor-P1-v1;L10-F1-E1;contador;decisões divergentes do sequencial-v4;;0;889;;casos
PRJ38-S01-M137;PRJ38-S01;motor-P1-v1;L10-F1-E2;contador;decisões divergentes do sequencial-v4;;0;889;;casos
PRJ38-S01-M138;PRJ38-S01;motor-P1-v1;L10-F1-E3;contador;decisões divergentes do sequencial-v4;;0;889;;casos
PRJ38-S01-M139;PRJ38-S01;motor-P1-v1;L10-F2-E1;contador;decisões divergentes do sequencial-v4;;0;889;;casos
PRJ38-S01-M140;PRJ38-S01;motor-P1-v1;L10-F2-E2;contador;decisões divergentes do sequencial-v4;;0;889;;casos
PRJ38-S01-M141;PRJ38-S01;motor-P1-v1;L10-F2-E3;contador;decisões divergentes do sequencial-v4;;0;889;;casos
PRJ38-S01-M142;PRJ38-S01;motor-P1-v1;L10-F3-E1;contador;decisões divergentes do sequencial-v4;;0;889;;casos
PRJ38-S01-M143;PRJ38-S01;motor-P1-v1;L10-F3-E2;contador;decisões divergentes do sequencial-v4;;0;889;;casos
PRJ38-S01-M144;PRJ38-S01;motor-P1-v1;L10-F3-E3;contador;decisões divergentes do sequencial-v4;;0;889;;casos
PRJ38-S01-M145;PRJ38-S01;motor-P1-v1;L10-F4-E1;contador;decisões divergentes do sequencial-v4;;0;889;;casos
PRJ38-S01-M146;PRJ38-S01;motor-P1-v1;L10-F4-E2;contador;decisões divergentes do sequencial-v4;;0;889;;casos
PRJ38-S01-M147;PRJ38-S01;motor-P1-v1;L10-F4-E3;contador;decisões divergentes do sequencial-v4;;0;889;;casos
PRJ38-S01-M148;PRJ38-S01;motor-P1-v1;L10-F5-E1;contador;decisões divergentes do sequencial-v4;;0;889;;casos
PRJ38-S01-M149;PRJ38-S01;motor-P1-v1;L10-F5-E2;contador;decisões divergentes do sequencial-v4;;0;889;;casos
PRJ38-S01-M150;PRJ38-S01;motor-P1-v1;L10-F5-E3;contador;decisões divergentes do sequencial-v4;;0;889;;casos
PRJ38-S01-M151;PRJ38-S01;motor-P1-v1;L11-F1-E1;contador;decisões divergentes do sequencial-v4;;0;889;;casos
PRJ38-S01-M152;PRJ38-S01;motor-P1-v1;L11-F1-E2;contador;decisões divergentes do sequencial-v4;;0;889;;casos
PRJ38-S01-M153;PRJ38-S01;motor-P1-v1;L11-F1-E3;contador;decisões divergentes do sequencial-v4;;0;889;;casos
PRJ38-S01-M154;PRJ38-S01;motor-P1-v1;L11-F2-E1;contador;decisões divergentes do sequencial-v4;;0;889;;casos
PRJ38-S01-M155;PRJ38-S01;motor-P1-v1;L11-F2-E2;contador;decisões divergentes do sequencial-v4;;0;889;;casos
PRJ38-S01-M156;PRJ38-S01;motor-P1-v1;L11-F2-E3;contador;decisões divergentes do sequencial-v4;;0;889;;casos
PRJ38-S01-M157;PRJ38-S01;motor-P1-v1;L11-F3-E1;contador;decisões divergentes do sequencial-v4;;0;889;;casos
PRJ38-S01-M158;PRJ38-S01;motor-P1-v1;L11-F3-E2;contador;decisões divergentes do sequencial-v4;;0;889;;casos
PRJ38-S01-M159;PRJ38-S01;motor-P1-v1;L11-F3-E3;contador;decisões divergentes do sequencial-v4;;0;889;;casos
PRJ38-S01-M160;PRJ38-S01;motor-P1-v1;L11-F4-E1;contador;decisões divergentes do sequencial-v4;;0;889;;casos
PRJ38-S01-M161;PRJ38-S01;motor-P1-v1;L11-F4-E2;contador;decisões divergentes do sequencial-v4;;0;889;;casos
PRJ38-S01-M162;PRJ38-S01;motor-P1-v1;L11-F4-E3;contador;decisões divergentes do sequencial-v4;;0;889;;casos
PRJ38-S01-M163;PRJ38-S01;motor-P1-v1;L11-F5-E1;contador;decisões divergentes do sequencial-v4;;0;889;;casos
PRJ38-S01-M164;PRJ38-S01;motor-P1-v1;L11-F5-E2;contador;decisões divergentes do sequencial-v4;;0;889;;casos
PRJ38-S01-M165;PRJ38-S01;motor-P1-v1;L11-F5-E3;contador;decisões divergentes do sequencial-v4;;0;889;;casos
PRJ38-S01-M166;PRJ38-S01;motor-P1-v1;L12-F1-E1;contador;decisões divergentes do sequencial-v4;;0;889;;casos
PRJ38-S01-M167;PRJ38-S01;motor-P1-v1;L12-F1-E2;contador;decisões divergentes do sequencial-v4;;0;889;;casos
PRJ38-S01-M168;PRJ38-S01;motor-P1-v1;L12-F1-E3;contador;decisões divergentes do sequencial-v4;;0;889;;casos
PRJ38-S01-M169;PRJ38-S01;motor-P1-v1;L12-F2-E1;contador;decisões divergentes do sequencial-v4;;0;889;;casos
PRJ38-S01-M170;PRJ38-S01;motor-P1-v1;L12-F2-E2;contador;decisões divergentes do sequencial-v4;;0;889;;casos
PRJ38-S01-M171;PRJ38-S01;motor-P1-v1;L12-F2-E3;contador;decisões divergentes do sequencial-v4;;0;889;;casos
PRJ38-S01-M172;PRJ38-S01;motor-P1-v1;L12-F3-E1;contador;decisões divergentes do sequencial-v4;;0;889;;casos
PRJ38-S01-M173;PRJ38-S01;motor-P1-v1;L12-F3-E2;contador;decisões divergentes do sequencial-v4;;0;889;;casos
PRJ38-S01-M174;PRJ38-S01;motor-P1-v1;L12-F3-E3;contador;decisões divergentes do sequencial-v4;;0;889;;casos
PRJ38-S01-M175;PRJ38-S01;motor-P1-v1;L12-F4-E1;contador;decisões divergentes do sequencial-v4;;0;889;;casos
PRJ38-S01-M176;PRJ38-S01;motor-P1-v1;L12-F4-E2;contador;decisões divergentes do sequencial-v4;;0;889;;casos
PRJ38-S01-M177;PRJ38-S01;motor-P1-v1;L12-F4-E3;contador;decisões divergentes do sequencial-v4;;0;889;;casos
PRJ38-S01-M178;PRJ38-S01;motor-P1-v1;L12-F5-E1;contador;decisões divergentes do sequencial-v4;;0;889;;casos
PRJ38-S01-M179;PRJ38-S01;motor-P1-v1;L12-F5-E2;contador;decisões divergentes do sequencial-v4;;0;889;;casos
PRJ38-S01-M180;PRJ38-S01;motor-P1-v1;L12-F5-E3;contador;decisões divergentes do sequencial-v4;;0;889;;casos
PRJ38-S01-M181;PRJ38-S01;motor-P1-v1;L13-F1-E1;contador;decisões divergentes do sequencial-v4;;0;889;;casos
PRJ38-S01-M182;PRJ38-S01;motor-P1-v1;L13-F1-E2;contador;decisões divergentes do sequencial-v4;;0;889;;casos
PRJ38-S01-M183;PRJ38-S01;motor-P1-v1;L13-F1-E3;contador;decisões divergentes do sequencial-v4;;0;889;;casos
PRJ38-S01-M184;PRJ38-S01;motor-P1-v1;L13-F2-E1;contador;decisões divergentes do sequencial-v4;;0;889;;casos
PRJ38-S01-M185;PRJ38-S01;motor-P1-v1;L13-F2-E2;contador;decisões divergentes do sequencial-v4;;0;889;;casos
PRJ38-S01-M186;PRJ38-S01;motor-P1-v1;L13-F2-E3;contador;decisões divergentes do sequencial-v4;;0;889;;casos
PRJ38-S01-M187;PRJ38-S01;motor-P1-v1;L13-F3-E1;contador;decisões divergentes do sequencial-v4;;0;889;;casos
PRJ38-S01-M188;PRJ38-S01;motor-P1-v1;L13-F3-E2;contador;decisões divergentes do sequencial-v4;;0;889;;casos
PRJ38-S01-M189;PRJ38-S01;motor-P1-v1;L13-F3-E3;contador;decisões divergentes do sequencial-v4;;0;889;;casos
PRJ38-S01-M190;PRJ38-S01;motor-P1-v1;L13-F4-E1;contador;decisões divergentes do sequencial-v4;;0;889;;casos
PRJ38-S01-M191;PRJ38-S01;motor-P1-v1;L13-F4-E2;contador;decisões divergentes do sequencial-v4;;0;889;;casos
PRJ38-S01-M192;PRJ38-S01;motor-P1-v1;L13-F4-E3;contador;decisões divergentes do sequencial-v4;;0;889;;casos
PRJ38-S01-M193;PRJ38-S01;motor-P1-v1;L13-F5-E1;contador;decisões divergentes do sequencial-v4;;0;889;;casos
PRJ38-S01-M194;PRJ38-S01;motor-P1-v1;L13-F5-E2;contador;decisões divergentes do sequencial-v4;;0;889;;casos
PRJ38-S01-M195;PRJ38-S01;motor-P1-v1;L13-F5-E3;contador;decisões divergentes do sequencial-v4;;0;889;;casos
PRJ38-S01-M196;PRJ38-S01;motor-P1-v1;L14-F1-E1;contador;decisões divergentes do sequencial-v4;;0;889;;casos
PRJ38-S01-M197;PRJ38-S01;motor-P1-v1;L14-F1-E2;contador;decisões divergentes do sequencial-v4;;0;889;;casos
PRJ38-S01-M198;PRJ38-S01;motor-P1-v1;L14-F1-E3;contador;decisões divergentes do sequencial-v4;;0;889;;casos
PRJ38-S01-M199;PRJ38-S01;motor-P1-v1;L14-F2-E1;contador;decisões divergentes do sequencial-v4;;0;889;;casos
PRJ38-S01-M200;PRJ38-S01;motor-P1-v1;L14-F2-E2;contador;decisões divergentes do sequencial-v4;;0;889;;casos
PRJ38-S01-M201;PRJ38-S01;motor-P1-v1;L14-F2-E3;contador;decisões divergentes do sequencial-v4;;0;889;;casos
PRJ38-S01-M202;PRJ38-S01;motor-P1-v1;L14-F3-E1;contador;decisões divergentes do sequencial-v4;;0;889;;casos
PRJ38-S01-M203;PRJ38-S01;motor-P1-v1;L14-F3-E2;contador;decisões divergentes do sequencial-v4;;0;889;;casos
PRJ38-S01-M204;PRJ38-S01;motor-P1-v1;L14-F3-E3;contador;decisões divergentes do sequencial-v4;;0;889;;casos
PRJ38-S01-M205;PRJ38-S01;motor-P1-v1;L14-F4-E1;contador;decisões divergentes do sequencial-v4;;0;889;;casos
PRJ38-S01-M206;PRJ38-S01;motor-P1-v1;L14-F4-E2;contador;decisões divergentes do sequencial-v4;;0;889;;casos
PRJ38-S01-M207;PRJ38-S01;motor-P1-v1;L14-F4-E3;contador;decisões divergentes do sequencial-v4;;0;889;;casos
PRJ38-S01-M208;PRJ38-S01;motor-P1-v1;L14-F5-E1;contador;decisões divergentes do sequencial-v4;;0;889;;casos
PRJ38-S01-M209;PRJ38-S01;motor-P1-v1;L14-F5-E2;contador;decisões divergentes do sequencial-v4;;0;889;;casos
PRJ38-S01-M210;PRJ38-S01;motor-P1-v1;L14-F5-E3;contador;decisões divergentes do sequencial-v4;;0;889;;casos
PRJ38-S01-M211;PRJ38-S01;motor-P1-v1;L15-F1-E1;contador;decisões divergentes do sequencial-v4;;0;889;;casos
PRJ38-S01-M212;PRJ38-S01;motor-P1-v1;L15-F1-E2;contador;decisões divergentes do sequencial-v4;;0;889;;casos
PRJ38-S01-M213;PRJ38-S01;motor-P1-v1;L15-F1-E3;contador;decisões divergentes do sequencial-v4;;0;889;;casos
PRJ38-S01-M214;PRJ38-S01;motor-P1-v1;L15-F2-E1;contador;decisões divergentes do sequencial-v4;;0;889;;casos
PRJ38-S01-M215;PRJ38-S01;motor-P1-v1;L15-F2-E2;contador;decisões divergentes do sequencial-v4;;0;889;;casos
PRJ38-S01-M216;PRJ38-S01;motor-P1-v1;L15-F2-E3;contador;decisões divergentes do sequencial-v4;;0;889;;casos
PRJ38-S01-M217;PRJ38-S01;motor-P1-v1;L15-F3-E1;contador;decisões divergentes do sequencial-v4;;0;889;;casos
PRJ38-S01-M218;PRJ38-S01;motor-P1-v1;L15-F3-E2;contador;decisões divergentes do sequencial-v4;;0;889;;casos
PRJ38-S01-M219;PRJ38-S01;motor-P1-v1;L15-F3-E3;contador;decisões divergentes do sequencial-v4;;0;889;;casos
PRJ38-S01-M220;PRJ38-S01;motor-P1-v1;L15-F4-E1;contador;decisões divergentes do sequencial-v4;;0;889;;casos
PRJ38-S01-M221;PRJ38-S01;motor-P1-v1;L15-F4-E2;contador;decisões divergentes do sequencial-v4;;0;889;;casos
PRJ38-S01-M222;PRJ38-S01;motor-P1-v1;L15-F4-E3;contador;decisões divergentes do sequencial-v4;;0;889;;casos
PRJ38-S01-M223;PRJ38-S01;motor-P1-v1;L15-F5-E1;contador;decisões divergentes do sequencial-v4;;0;889;;casos
PRJ38-S01-M224;PRJ38-S01;motor-P1-v1;L15-F5-E2;contador;decisões divergentes do sequencial-v4;;0;889;;casos
PRJ38-S01-M225;PRJ38-S01;motor-P1-v1;L15-F5-E3;contador;decisões divergentes do sequencial-v4;;0;889;;casos
PRJ38-S01-M226;PRJ38-S01;motor-P1-v1;L16-F1-E1;contador;decisões divergentes do sequencial-v4;;0;889;;casos
PRJ38-S01-M227;PRJ38-S01;motor-P1-v1;L16-F1-E2;contador;decisões divergentes do sequencial-v4;;0;889;;casos
PRJ38-S01-M228;PRJ38-S01;motor-P1-v1;L16-F1-E3;contador;decisões divergentes do sequencial-v4;;0;889;;casos
PRJ38-S01-M229;PRJ38-S01;motor-P1-v1;L16-F2-E1;contador;decisões divergentes do sequencial-v4;;0;889;;casos
PRJ38-S01-M230;PRJ38-S01;motor-P1-v1;L16-F2-E2;contador;decisões divergentes do sequencial-v4;;0;889;;casos
PRJ38-S01-M231;PRJ38-S01;motor-P1-v1;L16-F2-E3;contador;decisões divergentes do sequencial-v4;;0;889;;casos
PRJ38-S01-M232;PRJ38-S01;motor-P1-v1;L16-F3-E1;contador;decisões divergentes do sequencial-v4;;0;889;;casos
PRJ38-S01-M233;PRJ38-S01;motor-P1-v1;L16-F3-E2;contador;decisões divergentes do sequencial-v4;;0;889;;casos
PRJ38-S01-M234;PRJ38-S01;motor-P1-v1;L16-F3-E3;contador;decisões divergentes do sequencial-v4;;0;889;;casos
PRJ38-S01-M235;PRJ38-S01;motor-P1-v1;L16-F4-E1;contador;decisões divergentes do sequencial-v4;;0;889;;casos
PRJ38-S01-M236;PRJ38-S01;motor-P1-v1;L16-F4-E2;contador;decisões divergentes do sequencial-v4;;0;889;;casos
PRJ38-S01-M237;PRJ38-S01;motor-P1-v1;L16-F4-E3;contador;decisões divergentes do sequencial-v4;;0;889;;casos
PRJ38-S01-M238;PRJ38-S01;motor-P1-v1;L16-F5-E1;contador;decisões divergentes do sequencial-v4;;0;889;;casos
PRJ38-S01-M239;PRJ38-S01;motor-P1-v1;L16-F5-E2;contador;decisões divergentes do sequencial-v4;;0;889;;casos
PRJ38-S01-M240;PRJ38-S01;motor-P1-v1;L16-F5-E3;contador;decisões divergentes do sequencial-v4;;0;889;;casos
PRJ38-S01-M241;PRJ38-S01;motor-P1-v1;L17-F1-E1;contador;decisões divergentes do sequencial-v4;;0;888;;casos
PRJ38-S01-M242;PRJ38-S01;motor-P1-v1;L17-F1-E2;contador;decisões divergentes do sequencial-v4;;0;888;;casos
PRJ38-S01-M243;PRJ38-S01;motor-P1-v1;L17-F1-E3;contador;decisões divergentes do sequencial-v4;;0;888;;casos
PRJ38-S01-M244;PRJ38-S01;motor-P1-v1;L17-F2-E1;contador;decisões divergentes do sequencial-v4;;0;888;;casos
PRJ38-S01-M245;PRJ38-S01;motor-P1-v1;L17-F2-E2;contador;decisões divergentes do sequencial-v4;;0;888;;casos
PRJ38-S01-M246;PRJ38-S01;motor-P1-v1;L17-F2-E3;contador;decisões divergentes do sequencial-v4;;0;888;;casos
PRJ38-S01-M247;PRJ38-S01;motor-P1-v1;L17-F3-E1;contador;decisões divergentes do sequencial-v4;;0;888;;casos
PRJ38-S01-M248;PRJ38-S01;motor-P1-v1;L17-F3-E2;contador;decisões divergentes do sequencial-v4;;0;888;;casos
PRJ38-S01-M249;PRJ38-S01;motor-P1-v1;L17-F3-E3;contador;decisões divergentes do sequencial-v4;;0;888;;casos
PRJ38-S01-M250;PRJ38-S01;motor-P1-v1;L17-F4-E1;contador;decisões divergentes do sequencial-v4;;0;888;;casos
PRJ38-S01-M251;PRJ38-S01;motor-P1-v1;L17-F4-E2;contador;decisões divergentes do sequencial-v4;;0;888;;casos
PRJ38-S01-M252;PRJ38-S01;motor-P1-v1;L17-F4-E3;contador;decisões divergentes do sequencial-v4;;0;888;;casos
PRJ38-S01-M253;PRJ38-S01;motor-P1-v1;L17-F5-E1;contador;decisões divergentes do sequencial-v4;;0;888;;casos
PRJ38-S01-M254;PRJ38-S01;motor-P1-v1;L17-F5-E2;contador;decisões divergentes do sequencial-v4;;0;888;;casos
PRJ38-S01-M255;PRJ38-S01;motor-P1-v1;L17-F5-E3;contador;decisões divergentes do sequencial-v4;;0;888;;casos
PRJ38-S01-M256;PRJ38-S01;motor-P1-v1;L18-F1-E1;contador;decisões divergentes do sequencial-v4;;0;888;;casos
PRJ38-S01-M257;PRJ38-S01;motor-P1-v1;L18-F1-E2;contador;decisões divergentes do sequencial-v4;;0;888;;casos
PRJ38-S01-M258;PRJ38-S01;motor-P1-v1;L18-F1-E3;contador;decisões divergentes do sequencial-v4;;0;888;;casos
PRJ38-S01-M259;PRJ38-S01;motor-P1-v1;L18-F2-E1;contador;decisões divergentes do sequencial-v4;;0;888;;casos
PRJ38-S01-M260;PRJ38-S01;motor-P1-v1;L18-F2-E2;contador;decisões divergentes do sequencial-v4;;0;888;;casos
PRJ38-S01-M261;PRJ38-S01;motor-P1-v1;L18-F2-E3;contador;decisões divergentes do sequencial-v4;;0;888;;casos
PRJ38-S01-M262;PRJ38-S01;motor-P1-v1;L18-F3-E1;contador;decisões divergentes do sequencial-v4;;0;888;;casos
PRJ38-S01-M263;PRJ38-S01;motor-P1-v1;L18-F3-E2;contador;decisões divergentes do sequencial-v4;;0;888;;casos
PRJ38-S01-M264;PRJ38-S01;motor-P1-v1;L18-F3-E3;contador;decisões divergentes do sequencial-v4;;0;888;;casos
PRJ38-S01-M265;PRJ38-S01;motor-P1-v1;L18-F4-E1;contador;decisões divergentes do sequencial-v4;;0;888;;casos
PRJ38-S01-M266;PRJ38-S01;motor-P1-v1;L18-F4-E2;contador;decisões divergentes do sequencial-v4;;0;888;;casos
PRJ38-S01-M267;PRJ38-S01;motor-P1-v1;L18-F4-E3;contador;decisões divergentes do sequencial-v4;;0;888;;casos
PRJ38-S01-M268;PRJ38-S01;motor-P1-v1;L18-F5-E1;contador;decisões divergentes do sequencial-v4;;0;888;;casos
PRJ38-S01-M269;PRJ38-S01;motor-P1-v1;L18-F5-E2;contador;decisões divergentes do sequencial-v4;;0;888;;casos
PRJ38-S01-M270;PRJ38-S01;motor-P1-v1;L18-F5-E3;contador;decisões divergentes do sequencial-v4;;0;888;;casos
PRJ38-S02-M001;PRJ38-S02;motor-P2-v2;L01-F1-E1;contador;decisões divergentes do sequencial-v4;;18;889;;casos
PRJ38-S02-M002;PRJ38-S02;motor-P2-v2;L01-F1-E2;contador;decisões divergentes do sequencial-v4;;0;889;;casos
PRJ38-S02-M003;PRJ38-S02;motor-P2-v2;L01-F1-E3;contador;decisões divergentes do sequencial-v4;;0;889;;casos
PRJ38-S02-M004;PRJ38-S02;motor-P2-v2;L01-F2-E1;contador;decisões divergentes do sequencial-v4;;0;889;;casos
PRJ38-S02-M005;PRJ38-S02;motor-P2-v2;L01-F2-E2;contador;decisões divergentes do sequencial-v4;;0;889;;casos
PRJ38-S02-M006;PRJ38-S02;motor-P2-v2;L01-F2-E3;contador;decisões divergentes do sequencial-v4;;0;889;;casos
PRJ38-S02-M007;PRJ38-S02;motor-P2-v2;L01-F3-E1;contador;decisões divergentes do sequencial-v4;;0;889;;casos
PRJ38-S02-M008;PRJ38-S02;motor-P2-v2;L01-F3-E2;contador;decisões divergentes do sequencial-v4;;0;889;;casos
PRJ38-S02-M009;PRJ38-S02;motor-P2-v2;L01-F3-E3;contador;decisões divergentes do sequencial-v4;;0;889;;casos
PRJ38-S02-M010;PRJ38-S02;motor-P2-v2;L01-F4-E1;contador;decisões divergentes do sequencial-v4;;0;889;;casos
PRJ38-S02-M011;PRJ38-S02;motor-P2-v2;L01-F4-E2;contador;decisões divergentes do sequencial-v4;;0;889;;casos
PRJ38-S02-M012;PRJ38-S02;motor-P2-v2;L01-F4-E3;contador;decisões divergentes do sequencial-v4;;0;889;;casos
PRJ38-S02-M013;PRJ38-S02;motor-P2-v2;L01-F5-E1;contador;decisões divergentes do sequencial-v4;;0;889;;casos
PRJ38-S02-M014;PRJ38-S02;motor-P2-v2;L01-F5-E2;contador;decisões divergentes do sequencial-v4;;0;889;;casos
PRJ38-S02-M015;PRJ38-S02;motor-P2-v2;L01-F5-E3;contador;decisões divergentes do sequencial-v4;;0;889;;casos
PRJ38-S02-M016;PRJ38-S02;motor-P2-v2;L02-F1-E1;contador;decisões divergentes do sequencial-v4;;0;889;;casos
PRJ38-S02-M017;PRJ38-S02;motor-P2-v2;L02-F1-E2;contador;decisões divergentes do sequencial-v4;;0;889;;casos
PRJ38-S02-M018;PRJ38-S02;motor-P2-v2;L02-F1-E3;contador;decisões divergentes do sequencial-v4;;0;889;;casos
PRJ38-S02-M019;PRJ38-S02;motor-P2-v2;L02-F2-E1;contador;decisões divergentes do sequencial-v4;;0;889;;casos
PRJ38-S02-M020;PRJ38-S02;motor-P2-v2;L02-F2-E2;contador;decisões divergentes do sequencial-v4;;0;889;;casos
PRJ38-S02-M021;PRJ38-S02;motor-P2-v2;L02-F2-E3;contador;decisões divergentes do sequencial-v4;;0;889;;casos
PRJ38-S02-M022;PRJ38-S02;motor-P2-v2;L02-F3-E1;contador;decisões divergentes do sequencial-v4;;0;889;;casos
PRJ38-S02-M023;PRJ38-S02;motor-P2-v2;L02-F3-E2;contador;decisões divergentes do sequencial-v4;;0;889;;casos
PRJ38-S02-M024;PRJ38-S02;motor-P2-v2;L02-F3-E3;contador;decisões divergentes do sequencial-v4;;0;889;;casos
PRJ38-S02-M025;PRJ38-S02;motor-P2-v2;L02-F4-E1;contador;decisões divergentes do sequencial-v4;;0;889;;casos
PRJ38-S02-M026;PRJ38-S02;motor-P2-v2;L02-F4-E2;contador;decisões divergentes do sequencial-v4;;0;889;;casos
PRJ38-S02-M027;PRJ38-S02;motor-P2-v2;L02-F4-E3;contador;decisões divergentes do sequencial-v4;;0;889;;casos
PRJ38-S02-M028;PRJ38-S02;motor-P2-v2;L02-F5-E1;contador;decisões divergentes do sequencial-v4;;0;889;;casos
PRJ38-S02-M029;PRJ38-S02;motor-P2-v2;L02-F5-E2;contador;decisões divergentes do sequencial-v4;;0;889;;casos
PRJ38-S02-M030;PRJ38-S02;motor-P2-v2;L02-F5-E3;contador;decisões divergentes do sequencial-v4;;0;889;;casos
PRJ38-S02-M031;PRJ38-S02;motor-P2-v2;L03-F1-E1;contador;decisões divergentes do sequencial-v4;;0;889;;casos
PRJ38-S02-M032;PRJ38-S02;motor-P2-v2;L03-F1-E2;contador;decisões divergentes do sequencial-v4;;0;889;;casos
PRJ38-S02-M033;PRJ38-S02;motor-P2-v2;L03-F1-E3;contador;decisões divergentes do sequencial-v4;;0;889;;casos
PRJ38-S02-M034;PRJ38-S02;motor-P2-v2;L03-F2-E1;contador;decisões divergentes do sequencial-v4;;0;889;;casos
PRJ38-S02-M035;PRJ38-S02;motor-P2-v2;L03-F2-E2;contador;decisões divergentes do sequencial-v4;;0;889;;casos
PRJ38-S02-M036;PRJ38-S02;motor-P2-v2;L03-F2-E3;contador;decisões divergentes do sequencial-v4;;0;889;;casos
PRJ38-S02-M037;PRJ38-S02;motor-P2-v2;L03-F3-E1;contador;decisões divergentes do sequencial-v4;;0;889;;casos
PRJ38-S02-M038;PRJ38-S02;motor-P2-v2;L03-F3-E2;contador;decisões divergentes do sequencial-v4;;0;889;;casos
PRJ38-S02-M039;PRJ38-S02;motor-P2-v2;L03-F3-E3;contador;decisões divergentes do sequencial-v4;;0;889;;casos
PRJ38-S02-M040;PRJ38-S02;motor-P2-v2;L03-F4-E1;contador;decisões divergentes do sequencial-v4;;0;889;;casos
PRJ38-S02-M041;PRJ38-S02;motor-P2-v2;L03-F4-E2;contador;decisões divergentes do sequencial-v4;;0;889;;casos
PRJ38-S02-M042;PRJ38-S02;motor-P2-v2;L03-F4-E3;contador;decisões divergentes do sequencial-v4;;0;889;;casos
PRJ38-S02-M043;PRJ38-S02;motor-P2-v2;L03-F5-E1;contador;decisões divergentes do sequencial-v4;;0;889;;casos
PRJ38-S02-M044;PRJ38-S02;motor-P2-v2;L03-F5-E2;contador;decisões divergentes do sequencial-v4;;0;889;;casos
PRJ38-S02-M045;PRJ38-S02;motor-P2-v2;L03-F5-E3;contador;decisões divergentes do sequencial-v4;;0;889;;casos
PRJ38-S02-M046;PRJ38-S02;motor-P2-v2;L04-F1-E1;contador;decisões divergentes do sequencial-v4;;0;889;;casos
PRJ38-S02-M047;PRJ38-S02;motor-P2-v2;L04-F1-E2;contador;decisões divergentes do sequencial-v4;;0;889;;casos
PRJ38-S02-M048;PRJ38-S02;motor-P2-v2;L04-F1-E3;contador;decisões divergentes do sequencial-v4;;0;889;;casos
PRJ38-S02-M049;PRJ38-S02;motor-P2-v2;L04-F2-E1;contador;decisões divergentes do sequencial-v4;;0;889;;casos
PRJ38-S02-M050;PRJ38-S02;motor-P2-v2;L04-F2-E2;contador;decisões divergentes do sequencial-v4;;0;889;;casos
PRJ38-S02-M051;PRJ38-S02;motor-P2-v2;L04-F2-E3;contador;decisões divergentes do sequencial-v4;;0;889;;casos
PRJ38-S02-M052;PRJ38-S02;motor-P2-v2;L04-F3-E1;contador;decisões divergentes do sequencial-v4;;0;889;;casos
PRJ38-S02-M053;PRJ38-S02;motor-P2-v2;L04-F3-E2;contador;decisões divergentes do sequencial-v4;;0;889;;casos
PRJ38-S02-M054;PRJ38-S02;motor-P2-v2;L04-F3-E3;contador;decisões divergentes do sequencial-v4;;0;889;;casos
PRJ38-S02-M055;PRJ38-S02;motor-P2-v2;L04-F4-E1;contador;decisões divergentes do sequencial-v4;;0;889;;casos
PRJ38-S02-M056;PRJ38-S02;motor-P2-v2;L04-F4-E2;contador;decisões divergentes do sequencial-v4;;0;889;;casos
PRJ38-S02-M057;PRJ38-S02;motor-P2-v2;L04-F4-E3;contador;decisões divergentes do sequencial-v4;;0;889;;casos
PRJ38-S02-M058;PRJ38-S02;motor-P2-v2;L04-F5-E1;contador;decisões divergentes do sequencial-v4;;0;889;;casos
PRJ38-S02-M059;PRJ38-S02;motor-P2-v2;L04-F5-E2;contador;decisões divergentes do sequencial-v4;;0;889;;casos
PRJ38-S02-M060;PRJ38-S02;motor-P2-v2;L04-F5-E3;contador;decisões divergentes do sequencial-v4;;0;889;;casos
PRJ38-S02-M061;PRJ38-S02;motor-P2-v2;L05-F1-E1;contador;decisões divergentes do sequencial-v4;;0;889;;casos
PRJ38-S02-M062;PRJ38-S02;motor-P2-v2;L05-F1-E2;contador;decisões divergentes do sequencial-v4;;0;889;;casos
PRJ38-S02-M063;PRJ38-S02;motor-P2-v2;L05-F1-E3;contador;decisões divergentes do sequencial-v4;;0;889;;casos
PRJ38-S02-M064;PRJ38-S02;motor-P2-v2;L05-F2-E1;contador;decisões divergentes do sequencial-v4;;0;889;;casos
PRJ38-S02-M065;PRJ38-S02;motor-P2-v2;L05-F2-E2;contador;decisões divergentes do sequencial-v4;;0;889;;casos
PRJ38-S02-M066;PRJ38-S02;motor-P2-v2;L05-F2-E3;contador;decisões divergentes do sequencial-v4;;0;889;;casos
PRJ38-S02-M067;PRJ38-S02;motor-P2-v2;L05-F3-E1;contador;decisões divergentes do sequencial-v4;;0;889;;casos
PRJ38-S02-M068;PRJ38-S02;motor-P2-v2;L05-F3-E2;contador;decisões divergentes do sequencial-v4;;0;889;;casos
PRJ38-S02-M069;PRJ38-S02;motor-P2-v2;L05-F3-E3;contador;decisões divergentes do sequencial-v4;;0;889;;casos
PRJ38-S02-M070;PRJ38-S02;motor-P2-v2;L05-F4-E1;contador;decisões divergentes do sequencial-v4;;0;889;;casos
PRJ38-S02-M071;PRJ38-S02;motor-P2-v2;L05-F4-E2;contador;decisões divergentes do sequencial-v4;;0;889;;casos
PRJ38-S02-M072;PRJ38-S02;motor-P2-v2;L05-F4-E3;contador;decisões divergentes do sequencial-v4;;0;889;;casos
PRJ38-S02-M073;PRJ38-S02;motor-P2-v2;L05-F5-E1;contador;decisões divergentes do sequencial-v4;;0;889;;casos
PRJ38-S02-M074;PRJ38-S02;motor-P2-v2;L05-F5-E2;contador;decisões divergentes do sequencial-v4;;0;889;;casos
PRJ38-S02-M075;PRJ38-S02;motor-P2-v2;L05-F5-E3;contador;decisões divergentes do sequencial-v4;;0;889;;casos
PRJ38-S02-M076;PRJ38-S02;motor-P2-v2;L06-F1-E1;contador;decisões divergentes do sequencial-v4;;0;889;;casos
PRJ38-S02-M077;PRJ38-S02;motor-P2-v2;L06-F1-E2;contador;decisões divergentes do sequencial-v4;;0;889;;casos
PRJ38-S02-M078;PRJ38-S02;motor-P2-v2;L06-F1-E3;contador;decisões divergentes do sequencial-v4;;0;889;;casos
PRJ38-S02-M079;PRJ38-S02;motor-P2-v2;L06-F2-E1;contador;decisões divergentes do sequencial-v4;;0;889;;casos
PRJ38-S02-M080;PRJ38-S02;motor-P2-v2;L06-F2-E2;contador;decisões divergentes do sequencial-v4;;0;889;;casos
PRJ38-S02-M081;PRJ38-S02;motor-P2-v2;L06-F2-E3;contador;decisões divergentes do sequencial-v4;;0;889;;casos
PRJ38-S02-M082;PRJ38-S02;motor-P2-v2;L06-F3-E1;contador;decisões divergentes do sequencial-v4;;0;889;;casos
PRJ38-S02-M083;PRJ38-S02;motor-P2-v2;L06-F3-E2;contador;decisões divergentes do sequencial-v4;;0;889;;casos
PRJ38-S02-M084;PRJ38-S02;motor-P2-v2;L06-F3-E3;contador;decisões divergentes do sequencial-v4;;0;889;;casos
PRJ38-S02-M085;PRJ38-S02;motor-P2-v2;L06-F4-E1;contador;decisões divergentes do sequencial-v4;;0;889;;casos
PRJ38-S02-M086;PRJ38-S02;motor-P2-v2;L06-F4-E2;contador;decisões divergentes do sequencial-v4;;0;889;;casos
PRJ38-S02-M087;PRJ38-S02;motor-P2-v2;L06-F4-E3;contador;decisões divergentes do sequencial-v4;;0;889;;casos
PRJ38-S02-M088;PRJ38-S02;motor-P2-v2;L06-F5-E1;contador;decisões divergentes do sequencial-v4;;0;889;;casos
PRJ38-S02-M089;PRJ38-S02;motor-P2-v2;L06-F5-E2;contador;decisões divergentes do sequencial-v4;;0;889;;casos
PRJ38-S02-M090;PRJ38-S02;motor-P2-v2;L06-F5-E3;contador;decisões divergentes do sequencial-v4;;0;889;;casos
PRJ38-S02-M091;PRJ38-S02;motor-P2-v2;L07-F1-E1;contador;decisões divergentes do sequencial-v4;;0;889;;casos
PRJ38-S02-M092;PRJ38-S02;motor-P2-v2;L07-F1-E2;contador;decisões divergentes do sequencial-v4;;0;889;;casos
PRJ38-S02-M093;PRJ38-S02;motor-P2-v2;L07-F1-E3;contador;decisões divergentes do sequencial-v4;;0;889;;casos
PRJ38-S02-M094;PRJ38-S02;motor-P2-v2;L07-F2-E1;contador;decisões divergentes do sequencial-v4;;0;889;;casos
PRJ38-S02-M095;PRJ38-S02;motor-P2-v2;L07-F2-E2;contador;decisões divergentes do sequencial-v4;;0;889;;casos
PRJ38-S02-M096;PRJ38-S02;motor-P2-v2;L07-F2-E3;contador;decisões divergentes do sequencial-v4;;0;889;;casos
PRJ38-S02-M097;PRJ38-S02;motor-P2-v2;L07-F3-E1;contador;decisões divergentes do sequencial-v4;;0;889;;casos
PRJ38-S02-M098;PRJ38-S02;motor-P2-v2;L07-F3-E2;contador;decisões divergentes do sequencial-v4;;0;889;;casos
PRJ38-S02-M099;PRJ38-S02;motor-P2-v2;L07-F3-E3;contador;decisões divergentes do sequencial-v4;;0;889;;casos
PRJ38-S02-M100;PRJ38-S02;motor-P2-v2;L07-F4-E1;contador;decisões divergentes do sequencial-v4;;0;889;;casos
PRJ38-S02-M101;PRJ38-S02;motor-P2-v2;L07-F4-E2;contador;decisões divergentes do sequencial-v4;;0;889;;casos
PRJ38-S02-M102;PRJ38-S02;motor-P2-v2;L07-F4-E3;contador;decisões divergentes do sequencial-v4;;0;889;;casos
PRJ38-S02-M103;PRJ38-S02;motor-P2-v2;L07-F5-E1;contador;decisões divergentes do sequencial-v4;;0;889;;casos
PRJ38-S02-M104;PRJ38-S02;motor-P2-v2;L07-F5-E2;contador;decisões divergentes do sequencial-v4;;0;889;;casos
PRJ38-S02-M105;PRJ38-S02;motor-P2-v2;L07-F5-E3;contador;decisões divergentes do sequencial-v4;;0;889;;casos
PRJ38-S02-M106;PRJ38-S02;motor-P2-v2;L08-F1-E1;contador;decisões divergentes do sequencial-v4;;0;889;;casos
PRJ38-S02-M107;PRJ38-S02;motor-P2-v2;L08-F1-E2;contador;decisões divergentes do sequencial-v4;;0;889;;casos
PRJ38-S02-M108;PRJ38-S02;motor-P2-v2;L08-F1-E3;contador;decisões divergentes do sequencial-v4;;0;889;;casos
PRJ38-S02-M109;PRJ38-S02;motor-P2-v2;L08-F2-E1;contador;decisões divergentes do sequencial-v4;;0;889;;casos
PRJ38-S02-M110;PRJ38-S02;motor-P2-v2;L08-F2-E2;contador;decisões divergentes do sequencial-v4;;0;889;;casos
PRJ38-S02-M111;PRJ38-S02;motor-P2-v2;L08-F2-E3;contador;decisões divergentes do sequencial-v4;;0;889;;casos
PRJ38-S02-M112;PRJ38-S02;motor-P2-v2;L08-F3-E1;contador;decisões divergentes do sequencial-v4;;0;889;;casos
PRJ38-S02-M113;PRJ38-S02;motor-P2-v2;L08-F3-E2;contador;decisões divergentes do sequencial-v4;;0;889;;casos
PRJ38-S02-M114;PRJ38-S02;motor-P2-v2;L08-F3-E3;contador;decisões divergentes do sequencial-v4;;0;889;;casos
PRJ38-S02-M115;PRJ38-S02;motor-P2-v2;L08-F4-E1;contador;decisões divergentes do sequencial-v4;;0;889;;casos
PRJ38-S02-M116;PRJ38-S02;motor-P2-v2;L08-F4-E2;contador;decisões divergentes do sequencial-v4;;0;889;;casos
PRJ38-S02-M117;PRJ38-S02;motor-P2-v2;L08-F4-E3;contador;decisões divergentes do sequencial-v4;;0;889;;casos
PRJ38-S02-M118;PRJ38-S02;motor-P2-v2;L08-F5-E1;contador;decisões divergentes do sequencial-v4;;0;889;;casos
PRJ38-S02-M119;PRJ38-S02;motor-P2-v2;L08-F5-E2;contador;decisões divergentes do sequencial-v4;;0;889;;casos
PRJ38-S02-M120;PRJ38-S02;motor-P2-v2;L08-F5-E3;contador;decisões divergentes do sequencial-v4;;0;889;;casos
PRJ38-S02-M121;PRJ38-S02;motor-P2-v2;L09-F1-E1;contador;decisões divergentes do sequencial-v4;;0;889;;casos
PRJ38-S02-M122;PRJ38-S02;motor-P2-v2;L09-F1-E2;contador;decisões divergentes do sequencial-v4;;0;889;;casos
PRJ38-S02-M123;PRJ38-S02;motor-P2-v2;L09-F1-E3;contador;decisões divergentes do sequencial-v4;;0;889;;casos
PRJ38-S02-M124;PRJ38-S02;motor-P2-v2;L09-F2-E1;contador;decisões divergentes do sequencial-v4;;0;889;;casos
PRJ38-S02-M125;PRJ38-S02;motor-P2-v2;L09-F2-E2;contador;decisões divergentes do sequencial-v4;;0;889;;casos
PRJ38-S02-M126;PRJ38-S02;motor-P2-v2;L09-F2-E3;contador;decisões divergentes do sequencial-v4;;0;889;;casos
PRJ38-S02-M127;PRJ38-S02;motor-P2-v2;L09-F3-E1;contador;decisões divergentes do sequencial-v4;;0;889;;casos
PRJ38-S02-M128;PRJ38-S02;motor-P2-v2;L09-F3-E2;contador;decisões divergentes do sequencial-v4;;0;889;;casos
PRJ38-S02-M129;PRJ38-S02;motor-P2-v2;L09-F3-E3;contador;decisões divergentes do sequencial-v4;;0;889;;casos
PRJ38-S02-M130;PRJ38-S02;motor-P2-v2;L09-F4-E1;contador;decisões divergentes do sequencial-v4;;0;889;;casos
PRJ38-S02-M131;PRJ38-S02;motor-P2-v2;L09-F4-E2;contador;decisões divergentes do sequencial-v4;;0;889;;casos
PRJ38-S02-M132;PRJ38-S02;motor-P2-v2;L09-F4-E3;contador;decisões divergentes do sequencial-v4;;0;889;;casos
PRJ38-S02-M133;PRJ38-S02;motor-P2-v2;L09-F5-E1;contador;decisões divergentes do sequencial-v4;;0;889;;casos
PRJ38-S02-M134;PRJ38-S02;motor-P2-v2;L09-F5-E2;contador;decisões divergentes do sequencial-v4;;0;889;;casos
PRJ38-S02-M135;PRJ38-S02;motor-P2-v2;L09-F5-E3;contador;decisões divergentes do sequencial-v4;;0;889;;casos
PRJ38-S02-M136;PRJ38-S02;motor-P2-v2;L10-F1-E1;contador;decisões divergentes do sequencial-v4;;0;889;;casos
PRJ38-S02-M137;PRJ38-S02;motor-P2-v2;L10-F1-E2;contador;decisões divergentes do sequencial-v4;;0;889;;casos
PRJ38-S02-M138;PRJ38-S02;motor-P2-v2;L10-F1-E3;contador;decisões divergentes do sequencial-v4;;0;889;;casos
PRJ38-S02-M139;PRJ38-S02;motor-P2-v2;L10-F2-E1;contador;decisões divergentes do sequencial-v4;;0;889;;casos
PRJ38-S02-M140;PRJ38-S02;motor-P2-v2;L10-F2-E2;contador;decisões divergentes do sequencial-v4;;0;889;;casos
PRJ38-S02-M141;PRJ38-S02;motor-P2-v2;L10-F2-E3;contador;decisões divergentes do sequencial-v4;;0;889;;casos
PRJ38-S02-M142;PRJ38-S02;motor-P2-v2;L10-F3-E1;contador;decisões divergentes do sequencial-v4;;0;889;;casos
PRJ38-S02-M143;PRJ38-S02;motor-P2-v2;L10-F3-E2;contador;decisões divergentes do sequencial-v4;;0;889;;casos
PRJ38-S02-M144;PRJ38-S02;motor-P2-v2;L10-F3-E3;contador;decisões divergentes do sequencial-v4;;0;889;;casos
PRJ38-S02-M145;PRJ38-S02;motor-P2-v2;L10-F4-E1;contador;decisões divergentes do sequencial-v4;;0;889;;casos
PRJ38-S02-M146;PRJ38-S02;motor-P2-v2;L10-F4-E2;contador;decisões divergentes do sequencial-v4;;0;889;;casos
PRJ38-S02-M147;PRJ38-S02;motor-P2-v2;L10-F4-E3;contador;decisões divergentes do sequencial-v4;;0;889;;casos
PRJ38-S02-M148;PRJ38-S02;motor-P2-v2;L10-F5-E1;contador;decisões divergentes do sequencial-v4;;0;889;;casos
PRJ38-S02-M149;PRJ38-S02;motor-P2-v2;L10-F5-E2;contador;decisões divergentes do sequencial-v4;;0;889;;casos
PRJ38-S02-M150;PRJ38-S02;motor-P2-v2;L10-F5-E3;contador;decisões divergentes do sequencial-v4;;0;889;;casos
PRJ38-S02-M151;PRJ38-S02;motor-P2-v2;L11-F1-E1;contador;decisões divergentes do sequencial-v4;;0;889;;casos
PRJ38-S02-M152;PRJ38-S02;motor-P2-v2;L11-F1-E2;contador;decisões divergentes do sequencial-v4;;0;889;;casos
PRJ38-S02-M153;PRJ38-S02;motor-P2-v2;L11-F1-E3;contador;decisões divergentes do sequencial-v4;;0;889;;casos
PRJ38-S02-M154;PRJ38-S02;motor-P2-v2;L11-F2-E1;contador;decisões divergentes do sequencial-v4;;0;889;;casos
PRJ38-S02-M155;PRJ38-S02;motor-P2-v2;L11-F2-E2;contador;decisões divergentes do sequencial-v4;;0;889;;casos
PRJ38-S02-M156;PRJ38-S02;motor-P2-v2;L11-F2-E3;contador;decisões divergentes do sequencial-v4;;0;889;;casos
PRJ38-S02-M157;PRJ38-S02;motor-P2-v2;L11-F3-E1;contador;decisões divergentes do sequencial-v4;;0;889;;casos
PRJ38-S02-M158;PRJ38-S02;motor-P2-v2;L11-F3-E2;contador;decisões divergentes do sequencial-v4;;0;889;;casos
PRJ38-S02-M159;PRJ38-S02;motor-P2-v2;L11-F3-E3;contador;decisões divergentes do sequencial-v4;;0;889;;casos
PRJ38-S02-M160;PRJ38-S02;motor-P2-v2;L11-F4-E1;contador;decisões divergentes do sequencial-v4;;0;889;;casos
PRJ38-S02-M161;PRJ38-S02;motor-P2-v2;L11-F4-E2;contador;decisões divergentes do sequencial-v4;;0;889;;casos
PRJ38-S02-M162;PRJ38-S02;motor-P2-v2;L11-F4-E3;contador;decisões divergentes do sequencial-v4;;0;889;;casos
PRJ38-S02-M163;PRJ38-S02;motor-P2-v2;L11-F5-E1;contador;decisões divergentes do sequencial-v4;;0;889;;casos
PRJ38-S02-M164;PRJ38-S02;motor-P2-v2;L11-F5-E2;contador;decisões divergentes do sequencial-v4;;0;889;;casos
PRJ38-S02-M165;PRJ38-S02;motor-P2-v2;L11-F5-E3;contador;decisões divergentes do sequencial-v4;;0;889;;casos
PRJ38-S02-M166;PRJ38-S02;motor-P2-v2;L12-F1-E1;contador;decisões divergentes do sequencial-v4;;0;889;;casos
PRJ38-S02-M167;PRJ38-S02;motor-P2-v2;L12-F1-E2;contador;decisões divergentes do sequencial-v4;;0;889;;casos
PRJ38-S02-M168;PRJ38-S02;motor-P2-v2;L12-F1-E3;contador;decisões divergentes do sequencial-v4;;0;889;;casos
PRJ38-S02-M169;PRJ38-S02;motor-P2-v2;L12-F2-E1;contador;decisões divergentes do sequencial-v4;;0;889;;casos
PRJ38-S02-M170;PRJ38-S02;motor-P2-v2;L12-F2-E2;contador;decisões divergentes do sequencial-v4;;0;889;;casos
PRJ38-S02-M171;PRJ38-S02;motor-P2-v2;L12-F2-E3;contador;decisões divergentes do sequencial-v4;;0;889;;casos
PRJ38-S02-M172;PRJ38-S02;motor-P2-v2;L12-F3-E1;contador;decisões divergentes do sequencial-v4;;0;889;;casos
PRJ38-S02-M173;PRJ38-S02;motor-P2-v2;L12-F3-E2;contador;decisões divergentes do sequencial-v4;;0;889;;casos
PRJ38-S02-M174;PRJ38-S02;motor-P2-v2;L12-F3-E3;contador;decisões divergentes do sequencial-v4;;0;889;;casos
PRJ38-S02-M175;PRJ38-S02;motor-P2-v2;L12-F4-E1;contador;decisões divergentes do sequencial-v4;;0;889;;casos
PRJ38-S02-M176;PRJ38-S02;motor-P2-v2;L12-F4-E2;contador;decisões divergentes do sequencial-v4;;0;889;;casos
PRJ38-S02-M177;PRJ38-S02;motor-P2-v2;L12-F4-E3;contador;decisões divergentes do sequencial-v4;;0;889;;casos
PRJ38-S02-M178;PRJ38-S02;motor-P2-v2;L12-F5-E1;contador;decisões divergentes do sequencial-v4;;0;889;;casos
PRJ38-S02-M179;PRJ38-S02;motor-P2-v2;L12-F5-E2;contador;decisões divergentes do sequencial-v4;;0;889;;casos
PRJ38-S02-M180;PRJ38-S02;motor-P2-v2;L12-F5-E3;contador;decisões divergentes do sequencial-v4;;0;889;;casos
PRJ38-S02-M181;PRJ38-S02;motor-P2-v2;L13-F1-E1;contador;decisões divergentes do sequencial-v4;;0;889;;casos
PRJ38-S02-M182;PRJ38-S02;motor-P2-v2;L13-F1-E2;contador;decisões divergentes do sequencial-v4;;0;889;;casos
PRJ38-S02-M183;PRJ38-S02;motor-P2-v2;L13-F1-E3;contador;decisões divergentes do sequencial-v4;;0;889;;casos
PRJ38-S02-M184;PRJ38-S02;motor-P2-v2;L13-F2-E1;contador;decisões divergentes do sequencial-v4;;0;889;;casos
PRJ38-S02-M185;PRJ38-S02;motor-P2-v2;L13-F2-E2;contador;decisões divergentes do sequencial-v4;;0;889;;casos
PRJ38-S02-M186;PRJ38-S02;motor-P2-v2;L13-F2-E3;contador;decisões divergentes do sequencial-v4;;0;889;;casos
PRJ38-S02-M187;PRJ38-S02;motor-P2-v2;L13-F3-E1;contador;decisões divergentes do sequencial-v4;;0;889;;casos
PRJ38-S02-M188;PRJ38-S02;motor-P2-v2;L13-F3-E2;contador;decisões divergentes do sequencial-v4;;0;889;;casos
PRJ38-S02-M189;PRJ38-S02;motor-P2-v2;L13-F3-E3;contador;decisões divergentes do sequencial-v4;;0;889;;casos
PRJ38-S02-M190;PRJ38-S02;motor-P2-v2;L13-F4-E1;contador;decisões divergentes do sequencial-v4;;0;889;;casos
PRJ38-S02-M191;PRJ38-S02;motor-P2-v2;L13-F4-E2;contador;decisões divergentes do sequencial-v4;;0;889;;casos
PRJ38-S02-M192;PRJ38-S02;motor-P2-v2;L13-F4-E3;contador;decisões divergentes do sequencial-v4;;0;889;;casos
PRJ38-S02-M193;PRJ38-S02;motor-P2-v2;L13-F5-E1;contador;decisões divergentes do sequencial-v4;;0;889;;casos
PRJ38-S02-M194;PRJ38-S02;motor-P2-v2;L13-F5-E2;contador;decisões divergentes do sequencial-v4;;0;889;;casos
PRJ38-S02-M195;PRJ38-S02;motor-P2-v2;L13-F5-E3;contador;decisões divergentes do sequencial-v4;;0;889;;casos
PRJ38-S02-M196;PRJ38-S02;motor-P2-v2;L14-F1-E1;contador;decisões divergentes do sequencial-v4;;0;889;;casos
PRJ38-S02-M197;PRJ38-S02;motor-P2-v2;L14-F1-E2;contador;decisões divergentes do sequencial-v4;;0;889;;casos
PRJ38-S02-M198;PRJ38-S02;motor-P2-v2;L14-F1-E3;contador;decisões divergentes do sequencial-v4;;0;889;;casos
PRJ38-S02-M199;PRJ38-S02;motor-P2-v2;L14-F2-E1;contador;decisões divergentes do sequencial-v4;;0;889;;casos
PRJ38-S02-M200;PRJ38-S02;motor-P2-v2;L14-F2-E2;contador;decisões divergentes do sequencial-v4;;0;889;;casos
PRJ38-S02-M201;PRJ38-S02;motor-P2-v2;L14-F2-E3;contador;decisões divergentes do sequencial-v4;;0;889;;casos
PRJ38-S02-M202;PRJ38-S02;motor-P2-v2;L14-F3-E1;contador;decisões divergentes do sequencial-v4;;0;889;;casos
PRJ38-S02-M203;PRJ38-S02;motor-P2-v2;L14-F3-E2;contador;decisões divergentes do sequencial-v4;;0;889;;casos
PRJ38-S02-M204;PRJ38-S02;motor-P2-v2;L14-F3-E3;contador;decisões divergentes do sequencial-v4;;0;889;;casos
PRJ38-S02-M205;PRJ38-S02;motor-P2-v2;L14-F4-E1;contador;decisões divergentes do sequencial-v4;;0;889;;casos
PRJ38-S02-M206;PRJ38-S02;motor-P2-v2;L14-F4-E2;contador;decisões divergentes do sequencial-v4;;0;889;;casos
PRJ38-S02-M207;PRJ38-S02;motor-P2-v2;L14-F4-E3;contador;decisões divergentes do sequencial-v4;;0;889;;casos
PRJ38-S02-M208;PRJ38-S02;motor-P2-v2;L14-F5-E1;contador;decisões divergentes do sequencial-v4;;0;889;;casos
PRJ38-S02-M209;PRJ38-S02;motor-P2-v2;L14-F5-E2;contador;decisões divergentes do sequencial-v4;;0;889;;casos
PRJ38-S02-M210;PRJ38-S02;motor-P2-v2;L14-F5-E3;contador;decisões divergentes do sequencial-v4;;0;889;;casos
PRJ38-S02-M211;PRJ38-S02;motor-P2-v2;L15-F1-E1;contador;decisões divergentes do sequencial-v4;;0;889;;casos
PRJ38-S02-M212;PRJ38-S02;motor-P2-v2;L15-F1-E2;contador;decisões divergentes do sequencial-v4;;0;889;;casos
PRJ38-S02-M213;PRJ38-S02;motor-P2-v2;L15-F1-E3;contador;decisões divergentes do sequencial-v4;;0;889;;casos
PRJ38-S02-M214;PRJ38-S02;motor-P2-v2;L15-F2-E1;contador;decisões divergentes do sequencial-v4;;0;889;;casos
PRJ38-S02-M215;PRJ38-S02;motor-P2-v2;L15-F2-E2;contador;decisões divergentes do sequencial-v4;;0;889;;casos
PRJ38-S02-M216;PRJ38-S02;motor-P2-v2;L15-F2-E3;contador;decisões divergentes do sequencial-v4;;0;889;;casos
PRJ38-S02-M217;PRJ38-S02;motor-P2-v2;L15-F3-E1;contador;decisões divergentes do sequencial-v4;;0;889;;casos
PRJ38-S02-M218;PRJ38-S02;motor-P2-v2;L15-F3-E2;contador;decisões divergentes do sequencial-v4;;0;889;;casos
PRJ38-S02-M219;PRJ38-S02;motor-P2-v2;L15-F3-E3;contador;decisões divergentes do sequencial-v4;;0;889;;casos
PRJ38-S02-M220;PRJ38-S02;motor-P2-v2;L15-F4-E1;contador;decisões divergentes do sequencial-v4;;0;889;;casos
PRJ38-S02-M221;PRJ38-S02;motor-P2-v2;L15-F4-E2;contador;decisões divergentes do sequencial-v4;;0;889;;casos
PRJ38-S02-M222;PRJ38-S02;motor-P2-v2;L15-F4-E3;contador;decisões divergentes do sequencial-v4;;0;889;;casos
PRJ38-S02-M223;PRJ38-S02;motor-P2-v2;L15-F5-E1;contador;decisões divergentes do sequencial-v4;;0;889;;casos
PRJ38-S02-M224;PRJ38-S02;motor-P2-v2;L15-F5-E2;contador;decisões divergentes do sequencial-v4;;0;889;;casos
PRJ38-S02-M225;PRJ38-S02;motor-P2-v2;L15-F5-E3;contador;decisões divergentes do sequencial-v4;;0;889;;casos
PRJ38-S02-M226;PRJ38-S02;motor-P2-v2;L16-F1-E1;contador;decisões divergentes do sequencial-v4;;0;889;;casos
PRJ38-S02-M227;PRJ38-S02;motor-P2-v2;L16-F1-E2;contador;decisões divergentes do sequencial-v4;;0;889;;casos
PRJ38-S02-M228;PRJ38-S02;motor-P2-v2;L16-F1-E3;contador;decisões divergentes do sequencial-v4;;0;889;;casos
PRJ38-S02-M229;PRJ38-S02;motor-P2-v2;L16-F2-E1;contador;decisões divergentes do sequencial-v4;;0;889;;casos
PRJ38-S02-M230;PRJ38-S02;motor-P2-v2;L16-F2-E2;contador;decisões divergentes do sequencial-v4;;0;889;;casos
PRJ38-S02-M231;PRJ38-S02;motor-P2-v2;L16-F2-E3;contador;decisões divergentes do sequencial-v4;;0;889;;casos
PRJ38-S02-M232;PRJ38-S02;motor-P2-v2;L16-F3-E1;contador;decisões divergentes do sequencial-v4;;0;889;;casos
PRJ38-S02-M233;PRJ38-S02;motor-P2-v2;L16-F3-E2;contador;decisões divergentes do sequencial-v4;;0;889;;casos
PRJ38-S02-M234;PRJ38-S02;motor-P2-v2;L16-F3-E3;contador;decisões divergentes do sequencial-v4;;0;889;;casos
PRJ38-S02-M235;PRJ38-S02;motor-P2-v2;L16-F4-E1;contador;decisões divergentes do sequencial-v4;;0;889;;casos
PRJ38-S02-M236;PRJ38-S02;motor-P2-v2;L16-F4-E2;contador;decisões divergentes do sequencial-v4;;0;889;;casos
PRJ38-S02-M237;PRJ38-S02;motor-P2-v2;L16-F4-E3;contador;decisões divergentes do sequencial-v4;;0;889;;casos
PRJ38-S02-M238;PRJ38-S02;motor-P2-v2;L16-F5-E1;contador;decisões divergentes do sequencial-v4;;0;889;;casos
PRJ38-S02-M239;PRJ38-S02;motor-P2-v2;L16-F5-E2;contador;decisões divergentes do sequencial-v4;;0;889;;casos
PRJ38-S02-M240;PRJ38-S02;motor-P2-v2;L16-F5-E3;contador;decisões divergentes do sequencial-v4;;0;889;;casos
PRJ38-S02-M241;PRJ38-S02;motor-P2-v2;L17-F1-E1;contador;decisões divergentes do sequencial-v4;;0;888;;casos
PRJ38-S02-M242;PRJ38-S02;motor-P2-v2;L17-F1-E2;contador;decisões divergentes do sequencial-v4;;0;888;;casos
PRJ38-S02-M243;PRJ38-S02;motor-P2-v2;L17-F1-E3;contador;decisões divergentes do sequencial-v4;;0;888;;casos
PRJ38-S02-M244;PRJ38-S02;motor-P2-v2;L17-F2-E1;contador;decisões divergentes do sequencial-v4;;0;888;;casos
PRJ38-S02-M245;PRJ38-S02;motor-P2-v2;L17-F2-E2;contador;decisões divergentes do sequencial-v4;;0;888;;casos
PRJ38-S02-M246;PRJ38-S02;motor-P2-v2;L17-F2-E3;contador;decisões divergentes do sequencial-v4;;0;888;;casos
PRJ38-S02-M247;PRJ38-S02;motor-P2-v2;L17-F3-E1;contador;decisões divergentes do sequencial-v4;;0;888;;casos
PRJ38-S02-M248;PRJ38-S02;motor-P2-v2;L17-F3-E2;contador;decisões divergentes do sequencial-v4;;0;888;;casos
PRJ38-S02-M249;PRJ38-S02;motor-P2-v2;L17-F3-E3;contador;decisões divergentes do sequencial-v4;;0;888;;casos
PRJ38-S02-M250;PRJ38-S02;motor-P2-v2;L17-F4-E1;contador;decisões divergentes do sequencial-v4;;0;888;;casos
PRJ38-S02-M251;PRJ38-S02;motor-P2-v2;L17-F4-E2;contador;decisões divergentes do sequencial-v4;;0;888;;casos
PRJ38-S02-M252;PRJ38-S02;motor-P2-v2;L17-F4-E3;contador;decisões divergentes do sequencial-v4;;0;888;;casos
PRJ38-S02-M253;PRJ38-S02;motor-P2-v2;L17-F5-E1;contador;decisões divergentes do sequencial-v4;;0;888;;casos
PRJ38-S02-M254;PRJ38-S02;motor-P2-v2;L17-F5-E2;contador;decisões divergentes do sequencial-v4;;0;888;;casos
PRJ38-S02-M255;PRJ38-S02;motor-P2-v2;L17-F5-E3;contador;decisões divergentes do sequencial-v4;;0;888;;casos
PRJ38-S02-M256;PRJ38-S02;motor-P2-v2;L18-F1-E1;contador;decisões divergentes do sequencial-v4;;0;888;;casos
PRJ38-S02-M257;PRJ38-S02;motor-P2-v2;L18-F1-E2;contador;decisões divergentes do sequencial-v4;;0;888;;casos
PRJ38-S02-M258;PRJ38-S02;motor-P2-v2;L18-F1-E3;contador;decisões divergentes do sequencial-v4;;0;888;;casos
PRJ38-S02-M259;PRJ38-S02;motor-P2-v2;L18-F2-E1;contador;decisões divergentes do sequencial-v4;;0;888;;casos
PRJ38-S02-M260;PRJ38-S02;motor-P2-v2;L18-F2-E2;contador;decisões divergentes do sequencial-v4;;0;888;;casos
PRJ38-S02-M261;PRJ38-S02;motor-P2-v2;L18-F2-E3;contador;decisões divergentes do sequencial-v4;;0;888;;casos
PRJ38-S02-M262;PRJ38-S02;motor-P2-v2;L18-F3-E1;contador;decisões divergentes do sequencial-v4;;0;888;;casos
PRJ38-S02-M263;PRJ38-S02;motor-P2-v2;L18-F3-E2;contador;decisões divergentes do sequencial-v4;;0;888;;casos
PRJ38-S02-M264;PRJ38-S02;motor-P2-v2;L18-F3-E3;contador;decisões divergentes do sequencial-v4;;0;888;;casos
PRJ38-S02-M265;PRJ38-S02;motor-P2-v2;L18-F4-E1;contador;decisões divergentes do sequencial-v4;;0;888;;casos
PRJ38-S02-M266;PRJ38-S02;motor-P2-v2;L18-F4-E2;contador;decisões divergentes do sequencial-v4;;0;888;;casos
PRJ38-S02-M267;PRJ38-S02;motor-P2-v2;L18-F4-E3;contador;decisões divergentes do sequencial-v4;;0;888;;casos
PRJ38-S02-M268;PRJ38-S02;motor-P2-v2;L18-F5-E1;contador;decisões divergentes do sequencial-v4;;0;888;;casos
PRJ38-S02-M269;PRJ38-S02;motor-P2-v2;L18-F5-E2;contador;decisões divergentes do sequencial-v4;;0;888;;casos
PRJ38-S02-M270;PRJ38-S02;motor-P2-v2;L18-F5-E3;contador;decisões divergentes do sequencial-v4;;0;888;;casos
PRJ38-S03-M001;PRJ38-S03;motor-P3-v3;L01-F1-E1;contador;decisões divergentes do sequencial-v4;;0;889;;casos
PRJ38-S03-M002;PRJ38-S03;motor-P3-v3;L01-F1-E2;contador;decisões divergentes do sequencial-v4;;0;889;;casos
PRJ38-S03-M003;PRJ38-S03;motor-P3-v3;L01-F1-E3;contador;decisões divergentes do sequencial-v4;;0;889;;casos
PRJ38-S03-M004;PRJ38-S03;motor-P3-v3;L01-F2-E1;contador;decisões divergentes do sequencial-v4;;0;889;;casos
PRJ38-S03-M005;PRJ38-S03;motor-P3-v3;L01-F2-E2;contador;decisões divergentes do sequencial-v4;;0;889;;casos
PRJ38-S03-M006;PRJ38-S03;motor-P3-v3;L01-F2-E3;contador;decisões divergentes do sequencial-v4;;0;889;;casos
PRJ38-S03-M007;PRJ38-S03;motor-P3-v3;L01-F3-E1;contador;decisões divergentes do sequencial-v4;;0;889;;casos
PRJ38-S03-M008;PRJ38-S03;motor-P3-v3;L01-F3-E2;contador;decisões divergentes do sequencial-v4;;0;889;;casos
PRJ38-S03-M009;PRJ38-S03;motor-P3-v3;L01-F3-E3;contador;decisões divergentes do sequencial-v4;;0;889;;casos
PRJ38-S03-M010;PRJ38-S03;motor-P3-v3;L01-F4-E1;contador;decisões divergentes do sequencial-v4;;0;889;;casos
PRJ38-S03-M011;PRJ38-S03;motor-P3-v3;L01-F4-E2;contador;decisões divergentes do sequencial-v4;;0;889;;casos
PRJ38-S03-M012;PRJ38-S03;motor-P3-v3;L01-F4-E3;contador;decisões divergentes do sequencial-v4;;0;889;;casos
PRJ38-S03-M013;PRJ38-S03;motor-P3-v3;L01-F5-E1;contador;decisões divergentes do sequencial-v4;;0;889;;casos
PRJ38-S03-M014;PRJ38-S03;motor-P3-v3;L01-F5-E2;contador;decisões divergentes do sequencial-v4;;0;889;;casos
PRJ38-S03-M015;PRJ38-S03;motor-P3-v3;L01-F5-E3;contador;decisões divergentes do sequencial-v4;;0;889;;casos
PRJ38-S03-M016;PRJ38-S03;motor-P3-v3;L02-F1-E1;contador;decisões divergentes do sequencial-v4;;0;889;;casos
PRJ38-S03-M017;PRJ38-S03;motor-P3-v3;L02-F1-E2;contador;decisões divergentes do sequencial-v4;;0;889;;casos
PRJ38-S03-M018;PRJ38-S03;motor-P3-v3;L02-F1-E3;contador;decisões divergentes do sequencial-v4;;0;889;;casos
PRJ38-S03-M019;PRJ38-S03;motor-P3-v3;L02-F2-E1;contador;decisões divergentes do sequencial-v4;;0;889;;casos
PRJ38-S03-M020;PRJ38-S03;motor-P3-v3;L02-F2-E2;contador;decisões divergentes do sequencial-v4;;0;889;;casos
PRJ38-S03-M021;PRJ38-S03;motor-P3-v3;L02-F2-E3;contador;decisões divergentes do sequencial-v4;;0;889;;casos
PRJ38-S03-M022;PRJ38-S03;motor-P3-v3;L02-F3-E1;contador;decisões divergentes do sequencial-v4;;0;889;;casos
PRJ38-S03-M023;PRJ38-S03;motor-P3-v3;L02-F3-E2;contador;decisões divergentes do sequencial-v4;;0;889;;casos
PRJ38-S03-M024;PRJ38-S03;motor-P3-v3;L02-F3-E3;contador;decisões divergentes do sequencial-v4;;0;889;;casos
PRJ38-S03-M025;PRJ38-S03;motor-P3-v3;L02-F4-E1;contador;decisões divergentes do sequencial-v4;;0;889;;casos
PRJ38-S03-M026;PRJ38-S03;motor-P3-v3;L02-F4-E2;contador;decisões divergentes do sequencial-v4;;0;889;;casos
PRJ38-S03-M027;PRJ38-S03;motor-P3-v3;L02-F4-E3;contador;decisões divergentes do sequencial-v4;;0;889;;casos
PRJ38-S03-M028;PRJ38-S03;motor-P3-v3;L02-F5-E1;contador;decisões divergentes do sequencial-v4;;0;889;;casos
PRJ38-S03-M029;PRJ38-S03;motor-P3-v3;L02-F5-E2;contador;decisões divergentes do sequencial-v4;;0;889;;casos
PRJ38-S03-M030;PRJ38-S03;motor-P3-v3;L02-F5-E3;contador;decisões divergentes do sequencial-v4;;0;889;;casos
PRJ38-S03-M031;PRJ38-S03;motor-P3-v3;L03-F1-E1;contador;decisões divergentes do sequencial-v4;;0;889;;casos
PRJ38-S03-M032;PRJ38-S03;motor-P3-v3;L03-F1-E2;contador;decisões divergentes do sequencial-v4;;0;889;;casos
PRJ38-S03-M033;PRJ38-S03;motor-P3-v3;L03-F1-E3;contador;decisões divergentes do sequencial-v4;;0;889;;casos
PRJ38-S03-M034;PRJ38-S03;motor-P3-v3;L03-F2-E1;contador;decisões divergentes do sequencial-v4;;0;889;;casos
PRJ38-S03-M035;PRJ38-S03;motor-P3-v3;L03-F2-E2;contador;decisões divergentes do sequencial-v4;;0;889;;casos
PRJ38-S03-M036;PRJ38-S03;motor-P3-v3;L03-F2-E3;contador;decisões divergentes do sequencial-v4;;0;889;;casos
PRJ38-S03-M037;PRJ38-S03;motor-P3-v3;L03-F3-E1;contador;decisões divergentes do sequencial-v4;;0;889;;casos
PRJ38-S03-M038;PRJ38-S03;motor-P3-v3;L03-F3-E2;contador;decisões divergentes do sequencial-v4;;0;889;;casos
PRJ38-S03-M039;PRJ38-S03;motor-P3-v3;L03-F3-E3;contador;decisões divergentes do sequencial-v4;;0;889;;casos
PRJ38-S03-M040;PRJ38-S03;motor-P3-v3;L03-F4-E1;contador;decisões divergentes do sequencial-v4;;0;889;;casos
PRJ38-S03-M041;PRJ38-S03;motor-P3-v3;L03-F4-E2;contador;decisões divergentes do sequencial-v4;;0;889;;casos
PRJ38-S03-M042;PRJ38-S03;motor-P3-v3;L03-F4-E3;contador;decisões divergentes do sequencial-v4;;0;889;;casos
PRJ38-S03-M043;PRJ38-S03;motor-P3-v3;L03-F5-E1;contador;decisões divergentes do sequencial-v4;;0;889;;casos
PRJ38-S03-M044;PRJ38-S03;motor-P3-v3;L03-F5-E2;contador;decisões divergentes do sequencial-v4;;0;889;;casos
PRJ38-S03-M045;PRJ38-S03;motor-P3-v3;L03-F5-E3;contador;decisões divergentes do sequencial-v4;;0;889;;casos
PRJ38-S03-M046;PRJ38-S03;motor-P3-v3;L04-F1-E1;contador;decisões divergentes do sequencial-v4;;0;889;;casos
PRJ38-S03-M047;PRJ38-S03;motor-P3-v3;L04-F1-E2;contador;decisões divergentes do sequencial-v4;;0;889;;casos
PRJ38-S03-M048;PRJ38-S03;motor-P3-v3;L04-F1-E3;contador;decisões divergentes do sequencial-v4;;0;889;;casos
PRJ38-S03-M049;PRJ38-S03;motor-P3-v3;L04-F2-E1;contador;decisões divergentes do sequencial-v4;;0;889;;casos
PRJ38-S03-M050;PRJ38-S03;motor-P3-v3;L04-F2-E2;contador;decisões divergentes do sequencial-v4;;0;889;;casos
PRJ38-S03-M051;PRJ38-S03;motor-P3-v3;L04-F2-E3;contador;decisões divergentes do sequencial-v4;;0;889;;casos
PRJ38-S03-M052;PRJ38-S03;motor-P3-v3;L04-F3-E1;contador;decisões divergentes do sequencial-v4;;0;889;;casos
PRJ38-S03-M053;PRJ38-S03;motor-P3-v3;L04-F3-E2;contador;decisões divergentes do sequencial-v4;;0;889;;casos
PRJ38-S03-M054;PRJ38-S03;motor-P3-v3;L04-F3-E3;contador;decisões divergentes do sequencial-v4;;0;889;;casos
PRJ38-S03-M055;PRJ38-S03;motor-P3-v3;L04-F4-E1;contador;decisões divergentes do sequencial-v4;;0;889;;casos
PRJ38-S03-M056;PRJ38-S03;motor-P3-v3;L04-F4-E2;contador;decisões divergentes do sequencial-v4;;0;889;;casos
PRJ38-S03-M057;PRJ38-S03;motor-P3-v3;L04-F4-E3;contador;decisões divergentes do sequencial-v4;;0;889;;casos
PRJ38-S03-M058;PRJ38-S03;motor-P3-v3;L04-F5-E1;contador;decisões divergentes do sequencial-v4;;0;889;;casos
PRJ38-S03-M059;PRJ38-S03;motor-P3-v3;L04-F5-E2;contador;decisões divergentes do sequencial-v4;;0;889;;casos
PRJ38-S03-M060;PRJ38-S03;motor-P3-v3;L04-F5-E3;contador;decisões divergentes do sequencial-v4;;0;889;;casos
PRJ38-S03-M061;PRJ38-S03;motor-P3-v3;L05-F1-E1;contador;decisões divergentes do sequencial-v4;;0;889;;casos
PRJ38-S03-M062;PRJ38-S03;motor-P3-v3;L05-F1-E2;contador;decisões divergentes do sequencial-v4;;0;889;;casos
PRJ38-S03-M063;PRJ38-S03;motor-P3-v3;L05-F1-E3;contador;decisões divergentes do sequencial-v4;;0;889;;casos
PRJ38-S03-M064;PRJ38-S03;motor-P3-v3;L05-F2-E1;contador;decisões divergentes do sequencial-v4;;0;889;;casos
PRJ38-S03-M065;PRJ38-S03;motor-P3-v3;L05-F2-E2;contador;decisões divergentes do sequencial-v4;;0;889;;casos
PRJ38-S03-M066;PRJ38-S03;motor-P3-v3;L05-F2-E3;contador;decisões divergentes do sequencial-v4;;0;889;;casos
PRJ38-S03-M067;PRJ38-S03;motor-P3-v3;L05-F3-E1;contador;decisões divergentes do sequencial-v4;;0;889;;casos
PRJ38-S03-M068;PRJ38-S03;motor-P3-v3;L05-F3-E2;contador;decisões divergentes do sequencial-v4;;0;889;;casos
PRJ38-S03-M069;PRJ38-S03;motor-P3-v3;L05-F3-E3;contador;decisões divergentes do sequencial-v4;;0;889;;casos
PRJ38-S03-M070;PRJ38-S03;motor-P3-v3;L05-F4-E1;contador;decisões divergentes do sequencial-v4;;0;889;;casos
PRJ38-S03-M071;PRJ38-S03;motor-P3-v3;L05-F4-E2;contador;decisões divergentes do sequencial-v4;;0;889;;casos
PRJ38-S03-M072;PRJ38-S03;motor-P3-v3;L05-F4-E3;contador;decisões divergentes do sequencial-v4;;0;889;;casos
PRJ38-S03-M073;PRJ38-S03;motor-P3-v3;L05-F5-E1;contador;decisões divergentes do sequencial-v4;;0;889;;casos
PRJ38-S03-M074;PRJ38-S03;motor-P3-v3;L05-F5-E2;contador;decisões divergentes do sequencial-v4;;0;889;;casos
PRJ38-S03-M075;PRJ38-S03;motor-P3-v3;L05-F5-E3;contador;decisões divergentes do sequencial-v4;;0;889;;casos
PRJ38-S03-M076;PRJ38-S03;motor-P3-v3;L06-F1-E1;contador;decisões divergentes do sequencial-v4;;0;889;;casos
PRJ38-S03-M077;PRJ38-S03;motor-P3-v3;L06-F1-E2;contador;decisões divergentes do sequencial-v4;;0;889;;casos
PRJ38-S03-M078;PRJ38-S03;motor-P3-v3;L06-F1-E3;contador;decisões divergentes do sequencial-v4;;0;889;;casos
PRJ38-S03-M079;PRJ38-S03;motor-P3-v3;L06-F2-E1;contador;decisões divergentes do sequencial-v4;;0;889;;casos
PRJ38-S03-M080;PRJ38-S03;motor-P3-v3;L06-F2-E2;contador;decisões divergentes do sequencial-v4;;0;889;;casos
PRJ38-S03-M081;PRJ38-S03;motor-P3-v3;L06-F2-E3;contador;decisões divergentes do sequencial-v4;;0;889;;casos
PRJ38-S03-M082;PRJ38-S03;motor-P3-v3;L06-F3-E1;contador;decisões divergentes do sequencial-v4;;0;889;;casos
PRJ38-S03-M083;PRJ38-S03;motor-P3-v3;L06-F3-E2;contador;decisões divergentes do sequencial-v4;;0;889;;casos
PRJ38-S03-M084;PRJ38-S03;motor-P3-v3;L06-F3-E3;contador;decisões divergentes do sequencial-v4;;0;889;;casos
PRJ38-S03-M085;PRJ38-S03;motor-P3-v3;L06-F4-E1;contador;decisões divergentes do sequencial-v4;;0;889;;casos
PRJ38-S03-M086;PRJ38-S03;motor-P3-v3;L06-F4-E2;contador;decisões divergentes do sequencial-v4;;0;889;;casos
PRJ38-S03-M087;PRJ38-S03;motor-P3-v3;L06-F4-E3;contador;decisões divergentes do sequencial-v4;;0;889;;casos
PRJ38-S03-M088;PRJ38-S03;motor-P3-v3;L06-F5-E1;contador;decisões divergentes do sequencial-v4;;0;889;;casos
PRJ38-S03-M089;PRJ38-S03;motor-P3-v3;L06-F5-E2;contador;decisões divergentes do sequencial-v4;;0;889;;casos
PRJ38-S03-M090;PRJ38-S03;motor-P3-v3;L06-F5-E3;contador;decisões divergentes do sequencial-v4;;0;889;;casos
PRJ38-S03-M091;PRJ38-S03;motor-P3-v3;L07-F1-E1;contador;decisões divergentes do sequencial-v4;;0;889;;casos
PRJ38-S03-M092;PRJ38-S03;motor-P3-v3;L07-F1-E2;contador;decisões divergentes do sequencial-v4;;0;889;;casos
PRJ38-S03-M093;PRJ38-S03;motor-P3-v3;L07-F1-E3;contador;decisões divergentes do sequencial-v4;;0;889;;casos
PRJ38-S03-M094;PRJ38-S03;motor-P3-v3;L07-F2-E1;contador;decisões divergentes do sequencial-v4;;0;889;;casos
PRJ38-S03-M095;PRJ38-S03;motor-P3-v3;L07-F2-E2;contador;decisões divergentes do sequencial-v4;;0;889;;casos
PRJ38-S03-M096;PRJ38-S03;motor-P3-v3;L07-F2-E3;contador;decisões divergentes do sequencial-v4;;0;889;;casos
PRJ38-S03-M097;PRJ38-S03;motor-P3-v3;L07-F3-E1;contador;decisões divergentes do sequencial-v4;;0;889;;casos
PRJ38-S03-M098;PRJ38-S03;motor-P3-v3;L07-F3-E2;contador;decisões divergentes do sequencial-v4;;0;889;;casos
PRJ38-S03-M099;PRJ38-S03;motor-P3-v3;L07-F3-E3;contador;decisões divergentes do sequencial-v4;;0;889;;casos
PRJ38-S03-M100;PRJ38-S03;motor-P3-v3;L07-F4-E1;contador;decisões divergentes do sequencial-v4;;0;889;;casos
PRJ38-S03-M101;PRJ38-S03;motor-P3-v3;L07-F4-E2;contador;decisões divergentes do sequencial-v4;;0;889;;casos
PRJ38-S03-M102;PRJ38-S03;motor-P3-v3;L07-F4-E3;contador;decisões divergentes do sequencial-v4;;0;889;;casos
PRJ38-S03-M103;PRJ38-S03;motor-P3-v3;L07-F5-E1;contador;decisões divergentes do sequencial-v4;;0;889;;casos
PRJ38-S03-M104;PRJ38-S03;motor-P3-v3;L07-F5-E2;contador;decisões divergentes do sequencial-v4;;0;889;;casos
PRJ38-S03-M105;PRJ38-S03;motor-P3-v3;L07-F5-E3;contador;decisões divergentes do sequencial-v4;;0;889;;casos
PRJ38-S03-M106;PRJ38-S03;motor-P3-v3;L08-F1-E1;contador;decisões divergentes do sequencial-v4;;0;889;;casos
PRJ38-S03-M107;PRJ38-S03;motor-P3-v3;L08-F1-E2;contador;decisões divergentes do sequencial-v4;;0;889;;casos
PRJ38-S03-M108;PRJ38-S03;motor-P3-v3;L08-F1-E3;contador;decisões divergentes do sequencial-v4;;0;889;;casos
PRJ38-S03-M109;PRJ38-S03;motor-P3-v3;L08-F2-E1;contador;decisões divergentes do sequencial-v4;;0;889;;casos
PRJ38-S03-M110;PRJ38-S03;motor-P3-v3;L08-F2-E2;contador;decisões divergentes do sequencial-v4;;0;889;;casos
PRJ38-S03-M111;PRJ38-S03;motor-P3-v3;L08-F2-E3;contador;decisões divergentes do sequencial-v4;;0;889;;casos
PRJ38-S03-M112;PRJ38-S03;motor-P3-v3;L08-F3-E1;contador;decisões divergentes do sequencial-v4;;0;889;;casos
PRJ38-S03-M113;PRJ38-S03;motor-P3-v3;L08-F3-E2;contador;decisões divergentes do sequencial-v4;;0;889;;casos
PRJ38-S03-M114;PRJ38-S03;motor-P3-v3;L08-F3-E3;contador;decisões divergentes do sequencial-v4;;0;889;;casos
PRJ38-S03-M115;PRJ38-S03;motor-P3-v3;L08-F4-E1;contador;decisões divergentes do sequencial-v4;;0;889;;casos
PRJ38-S03-M116;PRJ38-S03;motor-P3-v3;L08-F4-E2;contador;decisões divergentes do sequencial-v4;;0;889;;casos
PRJ38-S03-M117;PRJ38-S03;motor-P3-v3;L08-F4-E3;contador;decisões divergentes do sequencial-v4;;0;889;;casos
PRJ38-S03-M118;PRJ38-S03;motor-P3-v3;L08-F5-E1;contador;decisões divergentes do sequencial-v4;;0;889;;casos
PRJ38-S03-M119;PRJ38-S03;motor-P3-v3;L08-F5-E2;contador;decisões divergentes do sequencial-v4;;0;889;;casos
PRJ38-S03-M120;PRJ38-S03;motor-P3-v3;L08-F5-E3;contador;decisões divergentes do sequencial-v4;;0;889;;casos
PRJ38-S03-M121;PRJ38-S03;motor-P3-v3;L09-F1-E1;contador;decisões divergentes do sequencial-v4;;0;889;;casos
PRJ38-S03-M122;PRJ38-S03;motor-P3-v3;L09-F1-E2;contador;decisões divergentes do sequencial-v4;;0;889;;casos
PRJ38-S03-M123;PRJ38-S03;motor-P3-v3;L09-F1-E3;contador;decisões divergentes do sequencial-v4;;0;889;;casos
PRJ38-S03-M124;PRJ38-S03;motor-P3-v3;L09-F2-E1;contador;decisões divergentes do sequencial-v4;;0;889;;casos
PRJ38-S03-M125;PRJ38-S03;motor-P3-v3;L09-F2-E2;contador;decisões divergentes do sequencial-v4;;0;889;;casos
PRJ38-S03-M126;PRJ38-S03;motor-P3-v3;L09-F2-E3;contador;decisões divergentes do sequencial-v4;;0;889;;casos
PRJ38-S03-M127;PRJ38-S03;motor-P3-v3;L09-F3-E1;contador;decisões divergentes do sequencial-v4;;0;889;;casos
PRJ38-S03-M128;PRJ38-S03;motor-P3-v3;L09-F3-E2;contador;decisões divergentes do sequencial-v4;;0;889;;casos
PRJ38-S03-M129;PRJ38-S03;motor-P3-v3;L09-F3-E3;contador;decisões divergentes do sequencial-v4;;0;889;;casos
PRJ38-S03-M130;PRJ38-S03;motor-P3-v3;L09-F4-E1;contador;decisões divergentes do sequencial-v4;;0;889;;casos
PRJ38-S03-M131;PRJ38-S03;motor-P3-v3;L09-F4-E2;contador;decisões divergentes do sequencial-v4;;0;889;;casos
PRJ38-S03-M132;PRJ38-S03;motor-P3-v3;L09-F4-E3;contador;decisões divergentes do sequencial-v4;;0;889;;casos
PRJ38-S03-M133;PRJ38-S03;motor-P3-v3;L09-F5-E1;contador;decisões divergentes do sequencial-v4;;0;889;;casos
PRJ38-S03-M134;PRJ38-S03;motor-P3-v3;L09-F5-E2;contador;decisões divergentes do sequencial-v4;;0;889;;casos
PRJ38-S03-M135;PRJ38-S03;motor-P3-v3;L09-F5-E3;contador;decisões divergentes do sequencial-v4;;0;889;;casos
PRJ38-S03-M136;PRJ38-S03;motor-P3-v3;L10-F1-E1;contador;decisões divergentes do sequencial-v4;;0;889;;casos
PRJ38-S03-M137;PRJ38-S03;motor-P3-v3;L10-F1-E2;contador;decisões divergentes do sequencial-v4;;0;889;;casos
PRJ38-S03-M138;PRJ38-S03;motor-P3-v3;L10-F1-E3;contador;decisões divergentes do sequencial-v4;;0;889;;casos
PRJ38-S03-M139;PRJ38-S03;motor-P3-v3;L10-F2-E1;contador;decisões divergentes do sequencial-v4;;0;889;;casos
PRJ38-S03-M140;PRJ38-S03;motor-P3-v3;L10-F2-E2;contador;decisões divergentes do sequencial-v4;;0;889;;casos
PRJ38-S03-M141;PRJ38-S03;motor-P3-v3;L10-F2-E3;contador;decisões divergentes do sequencial-v4;;0;889;;casos
PRJ38-S03-M142;PRJ38-S03;motor-P3-v3;L10-F3-E1;contador;decisões divergentes do sequencial-v4;;0;889;;casos
PRJ38-S03-M143;PRJ38-S03;motor-P3-v3;L10-F3-E2;contador;decisões divergentes do sequencial-v4;;0;889;;casos
PRJ38-S03-M144;PRJ38-S03;motor-P3-v3;L10-F3-E3;contador;decisões divergentes do sequencial-v4;;0;889;;casos
PRJ38-S03-M145;PRJ38-S03;motor-P3-v3;L10-F4-E1;contador;decisões divergentes do sequencial-v4;;0;889;;casos
PRJ38-S03-M146;PRJ38-S03;motor-P3-v3;L10-F4-E2;contador;decisões divergentes do sequencial-v4;;0;889;;casos
PRJ38-S03-M147;PRJ38-S03;motor-P3-v3;L10-F4-E3;contador;decisões divergentes do sequencial-v4;;0;889;;casos
PRJ38-S03-M148;PRJ38-S03;motor-P3-v3;L10-F5-E1;contador;decisões divergentes do sequencial-v4;;0;889;;casos
PRJ38-S03-M149;PRJ38-S03;motor-P3-v3;L10-F5-E2;contador;decisões divergentes do sequencial-v4;;0;889;;casos
PRJ38-S03-M150;PRJ38-S03;motor-P3-v3;L10-F5-E3;contador;decisões divergentes do sequencial-v4;;0;889;;casos
PRJ38-S03-M151;PRJ38-S03;motor-P3-v3;L11-F1-E1;contador;decisões divergentes do sequencial-v4;;0;889;;casos
PRJ38-S03-M152;PRJ38-S03;motor-P3-v3;L11-F1-E2;contador;decisões divergentes do sequencial-v4;;0;889;;casos
PRJ38-S03-M153;PRJ38-S03;motor-P3-v3;L11-F1-E3;contador;decisões divergentes do sequencial-v4;;0;889;;casos
PRJ38-S03-M154;PRJ38-S03;motor-P3-v3;L11-F2-E1;contador;decisões divergentes do sequencial-v4;;0;889;;casos
PRJ38-S03-M155;PRJ38-S03;motor-P3-v3;L11-F2-E2;contador;decisões divergentes do sequencial-v4;;0;889;;casos
PRJ38-S03-M156;PRJ38-S03;motor-P3-v3;L11-F2-E3;contador;decisões divergentes do sequencial-v4;;0;889;;casos
PRJ38-S03-M157;PRJ38-S03;motor-P3-v3;L11-F3-E1;contador;decisões divergentes do sequencial-v4;;0;889;;casos
PRJ38-S03-M158;PRJ38-S03;motor-P3-v3;L11-F3-E2;contador;decisões divergentes do sequencial-v4;;0;889;;casos
PRJ38-S03-M159;PRJ38-S03;motor-P3-v3;L11-F3-E3;contador;decisões divergentes do sequencial-v4;;0;889;;casos
PRJ38-S03-M160;PRJ38-S03;motor-P3-v3;L11-F4-E1;contador;decisões divergentes do sequencial-v4;;0;889;;casos
PRJ38-S03-M161;PRJ38-S03;motor-P3-v3;L11-F4-E2;contador;decisões divergentes do sequencial-v4;;0;889;;casos
PRJ38-S03-M162;PRJ38-S03;motor-P3-v3;L11-F4-E3;contador;decisões divergentes do sequencial-v4;;0;889;;casos
PRJ38-S03-M163;PRJ38-S03;motor-P3-v3;L11-F5-E1;contador;decisões divergentes do sequencial-v4;;0;889;;casos
PRJ38-S03-M164;PRJ38-S03;motor-P3-v3;L11-F5-E2;contador;decisões divergentes do sequencial-v4;;0;889;;casos
PRJ38-S03-M165;PRJ38-S03;motor-P3-v3;L11-F5-E3;contador;decisões divergentes do sequencial-v4;;0;889;;casos
PRJ38-S03-M166;PRJ38-S03;motor-P3-v3;L12-F1-E1;contador;decisões divergentes do sequencial-v4;;0;889;;casos
PRJ38-S03-M167;PRJ38-S03;motor-P3-v3;L12-F1-E2;contador;decisões divergentes do sequencial-v4;;0;889;;casos
PRJ38-S03-M168;PRJ38-S03;motor-P3-v3;L12-F1-E3;contador;decisões divergentes do sequencial-v4;;0;889;;casos
PRJ38-S03-M169;PRJ38-S03;motor-P3-v3;L12-F2-E1;contador;decisões divergentes do sequencial-v4;;0;889;;casos
PRJ38-S03-M170;PRJ38-S03;motor-P3-v3;L12-F2-E2;contador;decisões divergentes do sequencial-v4;;0;889;;casos
PRJ38-S03-M171;PRJ38-S03;motor-P3-v3;L12-F2-E3;contador;decisões divergentes do sequencial-v4;;0;889;;casos
PRJ38-S03-M172;PRJ38-S03;motor-P3-v3;L12-F3-E1;contador;decisões divergentes do sequencial-v4;;0;889;;casos
PRJ38-S03-M173;PRJ38-S03;motor-P3-v3;L12-F3-E2;contador;decisões divergentes do sequencial-v4;;0;889;;casos
PRJ38-S03-M174;PRJ38-S03;motor-P3-v3;L12-F3-E3;contador;decisões divergentes do sequencial-v4;;0;889;;casos
PRJ38-S03-M175;PRJ38-S03;motor-P3-v3;L12-F4-E1;contador;decisões divergentes do sequencial-v4;;0;889;;casos
PRJ38-S03-M176;PRJ38-S03;motor-P3-v3;L12-F4-E2;contador;decisões divergentes do sequencial-v4;;0;889;;casos
PRJ38-S03-M177;PRJ38-S03;motor-P3-v3;L12-F4-E3;contador;decisões divergentes do sequencial-v4;;0;889;;casos
PRJ38-S03-M178;PRJ38-S03;motor-P3-v3;L12-F5-E1;contador;decisões divergentes do sequencial-v4;;0;889;;casos
PRJ38-S03-M179;PRJ38-S03;motor-P3-v3;L12-F5-E2;contador;decisões divergentes do sequencial-v4;;0;889;;casos
PRJ38-S03-M180;PRJ38-S03;motor-P3-v3;L12-F5-E3;contador;decisões divergentes do sequencial-v4;;0;889;;casos
PRJ38-S03-M181;PRJ38-S03;motor-P3-v3;L13-F1-E1;contador;decisões divergentes do sequencial-v4;;0;889;;casos
PRJ38-S03-M182;PRJ38-S03;motor-P3-v3;L13-F1-E2;contador;decisões divergentes do sequencial-v4;;0;889;;casos
PRJ38-S03-M183;PRJ38-S03;motor-P3-v3;L13-F1-E3;contador;decisões divergentes do sequencial-v4;;0;889;;casos
PRJ38-S03-M184;PRJ38-S03;motor-P3-v3;L13-F2-E1;contador;decisões divergentes do sequencial-v4;;0;889;;casos
PRJ38-S03-M185;PRJ38-S03;motor-P3-v3;L13-F2-E2;contador;decisões divergentes do sequencial-v4;;0;889;;casos
PRJ38-S03-M186;PRJ38-S03;motor-P3-v3;L13-F2-E3;contador;decisões divergentes do sequencial-v4;;0;889;;casos
PRJ38-S03-M187;PRJ38-S03;motor-P3-v3;L13-F3-E1;contador;decisões divergentes do sequencial-v4;;0;889;;casos
PRJ38-S03-M188;PRJ38-S03;motor-P3-v3;L13-F3-E2;contador;decisões divergentes do sequencial-v4;;0;889;;casos
PRJ38-S03-M189;PRJ38-S03;motor-P3-v3;L13-F3-E3;contador;decisões divergentes do sequencial-v4;;0;889;;casos
PRJ38-S03-M190;PRJ38-S03;motor-P3-v3;L13-F4-E1;contador;decisões divergentes do sequencial-v4;;0;889;;casos
PRJ38-S03-M191;PRJ38-S03;motor-P3-v3;L13-F4-E2;contador;decisões divergentes do sequencial-v4;;0;889;;casos
PRJ38-S03-M192;PRJ38-S03;motor-P3-v3;L13-F4-E3;contador;decisões divergentes do sequencial-v4;;0;889;;casos
PRJ38-S03-M193;PRJ38-S03;motor-P3-v3;L13-F5-E1;contador;decisões divergentes do sequencial-v4;;0;889;;casos
PRJ38-S03-M194;PRJ38-S03;motor-P3-v3;L13-F5-E2;contador;decisões divergentes do sequencial-v4;;0;889;;casos
PRJ38-S03-M195;PRJ38-S03;motor-P3-v3;L13-F5-E3;contador;decisões divergentes do sequencial-v4;;0;889;;casos
PRJ38-S03-M196;PRJ38-S03;motor-P3-v3;L14-F1-E1;contador;decisões divergentes do sequencial-v4;;0;889;;casos
PRJ38-S03-M197;PRJ38-S03;motor-P3-v3;L14-F1-E2;contador;decisões divergentes do sequencial-v4;;0;889;;casos
PRJ38-S03-M198;PRJ38-S03;motor-P3-v3;L14-F1-E3;contador;decisões divergentes do sequencial-v4;;0;889;;casos
PRJ38-S03-M199;PRJ38-S03;motor-P3-v3;L14-F2-E1;contador;decisões divergentes do sequencial-v4;;0;889;;casos
PRJ38-S03-M200;PRJ38-S03;motor-P3-v3;L14-F2-E2;contador;decisões divergentes do sequencial-v4;;0;889;;casos
PRJ38-S03-M201;PRJ38-S03;motor-P3-v3;L14-F2-E3;contador;decisões divergentes do sequencial-v4;;0;889;;casos
PRJ38-S03-M202;PRJ38-S03;motor-P3-v3;L14-F3-E1;contador;decisões divergentes do sequencial-v4;;0;889;;casos
PRJ38-S03-M203;PRJ38-S03;motor-P3-v3;L14-F3-E2;contador;decisões divergentes do sequencial-v4;;0;889;;casos
PRJ38-S03-M204;PRJ38-S03;motor-P3-v3;L14-F3-E3;contador;decisões divergentes do sequencial-v4;;0;889;;casos
PRJ38-S03-M205;PRJ38-S03;motor-P3-v3;L14-F4-E1;contador;decisões divergentes do sequencial-v4;;0;889;;casos
PRJ38-S03-M206;PRJ38-S03;motor-P3-v3;L14-F4-E2;contador;decisões divergentes do sequencial-v4;;0;889;;casos
PRJ38-S03-M207;PRJ38-S03;motor-P3-v3;L14-F4-E3;contador;decisões divergentes do sequencial-v4;;0;889;;casos
PRJ38-S03-M208;PRJ38-S03;motor-P3-v3;L14-F5-E1;contador;decisões divergentes do sequencial-v4;;0;889;;casos
PRJ38-S03-M209;PRJ38-S03;motor-P3-v3;L14-F5-E2;contador;decisões divergentes do sequencial-v4;;0;889;;casos
PRJ38-S03-M210;PRJ38-S03;motor-P3-v3;L14-F5-E3;contador;decisões divergentes do sequencial-v4;;0;889;;casos
PRJ38-S03-M211;PRJ38-S03;motor-P3-v3;L15-F1-E1;contador;decisões divergentes do sequencial-v4;;0;889;;casos
PRJ38-S03-M212;PRJ38-S03;motor-P3-v3;L15-F1-E2;contador;decisões divergentes do sequencial-v4;;0;889;;casos
PRJ38-S03-M213;PRJ38-S03;motor-P3-v3;L15-F1-E3;contador;decisões divergentes do sequencial-v4;;0;889;;casos
PRJ38-S03-M214;PRJ38-S03;motor-P3-v3;L15-F2-E1;contador;decisões divergentes do sequencial-v4;;0;889;;casos
PRJ38-S03-M215;PRJ38-S03;motor-P3-v3;L15-F2-E2;contador;decisões divergentes do sequencial-v4;;0;889;;casos
PRJ38-S03-M216;PRJ38-S03;motor-P3-v3;L15-F2-E3;contador;decisões divergentes do sequencial-v4;;0;889;;casos
PRJ38-S03-M217;PRJ38-S03;motor-P3-v3;L15-F3-E1;contador;decisões divergentes do sequencial-v4;;0;889;;casos
PRJ38-S03-M218;PRJ38-S03;motor-P3-v3;L15-F3-E2;contador;decisões divergentes do sequencial-v4;;0;889;;casos
PRJ38-S03-M219;PRJ38-S03;motor-P3-v3;L15-F3-E3;contador;decisões divergentes do sequencial-v4;;0;889;;casos
PRJ38-S03-M220;PRJ38-S03;motor-P3-v3;L15-F4-E1;contador;decisões divergentes do sequencial-v4;;0;889;;casos
PRJ38-S03-M221;PRJ38-S03;motor-P3-v3;L15-F4-E2;contador;decisões divergentes do sequencial-v4;;0;889;;casos
PRJ38-S03-M222;PRJ38-S03;motor-P3-v3;L15-F4-E3;contador;decisões divergentes do sequencial-v4;;0;889;;casos
PRJ38-S03-M223;PRJ38-S03;motor-P3-v3;L15-F5-E1;contador;decisões divergentes do sequencial-v4;;0;889;;casos
PRJ38-S03-M224;PRJ38-S03;motor-P3-v3;L15-F5-E2;contador;decisões divergentes do sequencial-v4;;0;889;;casos
PRJ38-S03-M225;PRJ38-S03;motor-P3-v3;L15-F5-E3;contador;decisões divergentes do sequencial-v4;;0;889;;casos
PRJ38-S03-M226;PRJ38-S03;motor-P3-v3;L16-F1-E1;contador;decisões divergentes do sequencial-v4;;0;889;;casos
PRJ38-S03-M227;PRJ38-S03;motor-P3-v3;L16-F1-E2;contador;decisões divergentes do sequencial-v4;;0;889;;casos
PRJ38-S03-M228;PRJ38-S03;motor-P3-v3;L16-F1-E3;contador;decisões divergentes do sequencial-v4;;0;889;;casos
PRJ38-S03-M229;PRJ38-S03;motor-P3-v3;L16-F2-E1;contador;decisões divergentes do sequencial-v4;;0;889;;casos
PRJ38-S03-M230;PRJ38-S03;motor-P3-v3;L16-F2-E2;contador;decisões divergentes do sequencial-v4;;0;889;;casos
PRJ38-S03-M231;PRJ38-S03;motor-P3-v3;L16-F2-E3;contador;decisões divergentes do sequencial-v4;;0;889;;casos
PRJ38-S03-M232;PRJ38-S03;motor-P3-v3;L16-F3-E1;contador;decisões divergentes do sequencial-v4;;0;889;;casos
PRJ38-S03-M233;PRJ38-S03;motor-P3-v3;L16-F3-E2;contador;decisões divergentes do sequencial-v4;;0;889;;casos
PRJ38-S03-M234;PRJ38-S03;motor-P3-v3;L16-F3-E3;contador;decisões divergentes do sequencial-v4;;0;889;;casos
PRJ38-S03-M235;PRJ38-S03;motor-P3-v3;L16-F4-E1;contador;decisões divergentes do sequencial-v4;;0;889;;casos
PRJ38-S03-M236;PRJ38-S03;motor-P3-v3;L16-F4-E2;contador;decisões divergentes do sequencial-v4;;0;889;;casos
PRJ38-S03-M237;PRJ38-S03;motor-P3-v3;L16-F4-E3;contador;decisões divergentes do sequencial-v4;;0;889;;casos
PRJ38-S03-M238;PRJ38-S03;motor-P3-v3;L16-F5-E1;contador;decisões divergentes do sequencial-v4;;0;889;;casos
PRJ38-S03-M239;PRJ38-S03;motor-P3-v3;L16-F5-E2;contador;decisões divergentes do sequencial-v4;;0;889;;casos
PRJ38-S03-M240;PRJ38-S03;motor-P3-v3;L16-F5-E3;contador;decisões divergentes do sequencial-v4;;0;889;;casos
PRJ38-S03-M241;PRJ38-S03;motor-P3-v3;L17-F1-E1;contador;decisões divergentes do sequencial-v4;;0;888;;casos
PRJ38-S03-M242;PRJ38-S03;motor-P3-v3;L17-F1-E2;contador;decisões divergentes do sequencial-v4;;0;888;;casos
PRJ38-S03-M243;PRJ38-S03;motor-P3-v3;L17-F1-E3;contador;decisões divergentes do sequencial-v4;;0;888;;casos
PRJ38-S03-M244;PRJ38-S03;motor-P3-v3;L17-F2-E1;contador;decisões divergentes do sequencial-v4;;0;888;;casos
PRJ38-S03-M245;PRJ38-S03;motor-P3-v3;L17-F2-E2;contador;decisões divergentes do sequencial-v4;;0;888;;casos
PRJ38-S03-M246;PRJ38-S03;motor-P3-v3;L17-F2-E3;contador;decisões divergentes do sequencial-v4;;0;888;;casos
PRJ38-S03-M247;PRJ38-S03;motor-P3-v3;L17-F3-E1;contador;decisões divergentes do sequencial-v4;;0;888;;casos
PRJ38-S03-M248;PRJ38-S03;motor-P3-v3;L17-F3-E2;contador;decisões divergentes do sequencial-v4;;0;888;;casos
PRJ38-S03-M249;PRJ38-S03;motor-P3-v3;L17-F3-E3;contador;decisões divergentes do sequencial-v4;;0;888;;casos
PRJ38-S03-M250;PRJ38-S03;motor-P3-v3;L17-F4-E1;contador;decisões divergentes do sequencial-v4;;0;888;;casos
PRJ38-S03-M251;PRJ38-S03;motor-P3-v3;L17-F4-E2;contador;decisões divergentes do sequencial-v4;;0;888;;casos
PRJ38-S03-M252;PRJ38-S03;motor-P3-v3;L17-F4-E3;contador;decisões divergentes do sequencial-v4;;0;888;;casos
PRJ38-S03-M253;PRJ38-S03;motor-P3-v3;L17-F5-E1;contador;decisões divergentes do sequencial-v4;;0;888;;casos
PRJ38-S03-M254;PRJ38-S03;motor-P3-v3;L17-F5-E2;contador;decisões divergentes do sequencial-v4;;0;888;;casos
PRJ38-S03-M255;PRJ38-S03;motor-P3-v3;L17-F5-E3;contador;decisões divergentes do sequencial-v4;;0;888;;casos
PRJ38-S03-M256;PRJ38-S03;motor-P3-v3;L18-F1-E1;contador;decisões divergentes do sequencial-v4;;0;888;;casos
PRJ38-S03-M257;PRJ38-S03;motor-P3-v3;L18-F1-E2;contador;decisões divergentes do sequencial-v4;;0;888;;casos
PRJ38-S03-M258;PRJ38-S03;motor-P3-v3;L18-F1-E3;contador;decisões divergentes do sequencial-v4;;0;888;;casos
PRJ38-S03-M259;PRJ38-S03;motor-P3-v3;L18-F2-E1;contador;decisões divergentes do sequencial-v4;;0;888;;casos
PRJ38-S03-M260;PRJ38-S03;motor-P3-v3;L18-F2-E2;contador;decisões divergentes do sequencial-v4;;0;888;;casos
PRJ38-S03-M261;PRJ38-S03;motor-P3-v3;L18-F2-E3;contador;decisões divergentes do sequencial-v4;;0;888;;casos
PRJ38-S03-M262;PRJ38-S03;motor-P3-v3;L18-F3-E1;contador;decisões divergentes do sequencial-v4;;0;888;;casos
PRJ38-S03-M263;PRJ38-S03;motor-P3-v3;L18-F3-E2;contador;decisões divergentes do sequencial-v4;;0;888;;casos
PRJ38-S03-M264;PRJ38-S03;motor-P3-v3;L18-F3-E3;contador;decisões divergentes do sequencial-v4;;0;888;;casos
PRJ38-S03-M265;PRJ38-S03;motor-P3-v3;L18-F4-E1;contador;decisões divergentes do sequencial-v4;;0;888;;casos
PRJ38-S03-M266;PRJ38-S03;motor-P3-v3;L18-F4-E2;contador;decisões divergentes do sequencial-v4;;0;888;;casos
PRJ38-S03-M267;PRJ38-S03;motor-P3-v3;L18-F4-E3;contador;decisões divergentes do sequencial-v4;;0;888;;casos
PRJ38-S03-M268;PRJ38-S03;motor-P3-v3;L18-F5-E1;contador;decisões divergentes do sequencial-v4;;0;888;;casos
PRJ38-S03-M269;PRJ38-S03;motor-P3-v3;L18-F5-E2;contador;decisões divergentes do sequencial-v4;;0;888;;casos
PRJ38-S03-M270;PRJ38-S03;motor-P3-v3;L18-F5-E3;contador;decisões divergentes do sequencial-v4;;0;888;;casos
PRJ38-S04-M001;PRJ38-S04;motor-P3-v3;L01-F1-E1;contador;trilhas equivalentes ao sequencial-v4;;889;889;;casos
PRJ38-S04-M002;PRJ38-S04;motor-P3-v3;L01-F1-E2;contador;trilhas equivalentes ao sequencial-v4;;889;889;;casos
PRJ38-S04-M003;PRJ38-S04;motor-P3-v3;L01-F1-E3;contador;trilhas equivalentes ao sequencial-v4;;889;889;;casos
PRJ38-S04-M004;PRJ38-S04;motor-P3-v3;L01-F2-E1;contador;trilhas equivalentes ao sequencial-v4;;889;889;;casos
PRJ38-S04-M005;PRJ38-S04;motor-P3-v3;L01-F2-E2;contador;trilhas equivalentes ao sequencial-v4;;889;889;;casos
PRJ38-S04-M006;PRJ38-S04;motor-P3-v3;L01-F2-E3;contador;trilhas equivalentes ao sequencial-v4;;889;889;;casos
PRJ38-S04-M007;PRJ38-S04;motor-P3-v3;L01-F3-E1;contador;trilhas equivalentes ao sequencial-v4;;889;889;;casos
PRJ38-S04-M008;PRJ38-S04;motor-P3-v3;L01-F3-E2;contador;trilhas equivalentes ao sequencial-v4;;889;889;;casos
PRJ38-S04-M009;PRJ38-S04;motor-P3-v3;L01-F3-E3;contador;trilhas equivalentes ao sequencial-v4;;889;889;;casos
PRJ38-S04-M010;PRJ38-S04;motor-P3-v3;L01-F4-E1;contador;trilhas equivalentes ao sequencial-v4;;889;889;;casos
PRJ38-S04-M011;PRJ38-S04;motor-P3-v3;L01-F4-E2;contador;trilhas equivalentes ao sequencial-v4;;889;889;;casos
PRJ38-S04-M012;PRJ38-S04;motor-P3-v3;L01-F4-E3;contador;trilhas equivalentes ao sequencial-v4;;889;889;;casos
PRJ38-S04-M013;PRJ38-S04;motor-P3-v3;L01-F5-E1;contador;trilhas equivalentes ao sequencial-v4;;889;889;;casos
PRJ38-S04-M014;PRJ38-S04;motor-P3-v3;L01-F5-E2;contador;trilhas equivalentes ao sequencial-v4;;889;889;;casos
PRJ38-S04-M015;PRJ38-S04;motor-P3-v3;L01-F5-E3;contador;trilhas equivalentes ao sequencial-v4;;889;889;;casos
PRJ38-S04-M016;PRJ38-S04;motor-P3-v3;L02-F1-E1;contador;trilhas equivalentes ao sequencial-v4;;889;889;;casos
PRJ38-S04-M017;PRJ38-S04;motor-P3-v3;L02-F1-E2;contador;trilhas equivalentes ao sequencial-v4;;889;889;;casos
PRJ38-S04-M018;PRJ38-S04;motor-P3-v3;L02-F1-E3;contador;trilhas equivalentes ao sequencial-v4;;889;889;;casos
PRJ38-S04-M019;PRJ38-S04;motor-P3-v3;L02-F2-E1;contador;trilhas equivalentes ao sequencial-v4;;889;889;;casos
PRJ38-S04-M020;PRJ38-S04;motor-P3-v3;L02-F2-E2;contador;trilhas equivalentes ao sequencial-v4;;889;889;;casos
PRJ38-S04-M021;PRJ38-S04;motor-P3-v3;L02-F2-E3;contador;trilhas equivalentes ao sequencial-v4;;889;889;;casos
PRJ38-S04-M022;PRJ38-S04;motor-P3-v3;L02-F3-E1;contador;trilhas equivalentes ao sequencial-v4;;889;889;;casos
PRJ38-S04-M023;PRJ38-S04;motor-P3-v3;L02-F3-E2;contador;trilhas equivalentes ao sequencial-v4;;889;889;;casos
PRJ38-S04-M024;PRJ38-S04;motor-P3-v3;L02-F3-E3;contador;trilhas equivalentes ao sequencial-v4;;889;889;;casos
PRJ38-S04-M025;PRJ38-S04;motor-P3-v3;L02-F4-E1;contador;trilhas equivalentes ao sequencial-v4;;889;889;;casos
PRJ38-S04-M026;PRJ38-S04;motor-P3-v3;L02-F4-E2;contador;trilhas equivalentes ao sequencial-v4;;889;889;;casos
PRJ38-S04-M027;PRJ38-S04;motor-P3-v3;L02-F4-E3;contador;trilhas equivalentes ao sequencial-v4;;889;889;;casos
PRJ38-S04-M028;PRJ38-S04;motor-P3-v3;L02-F5-E1;contador;trilhas equivalentes ao sequencial-v4;;889;889;;casos
PRJ38-S04-M029;PRJ38-S04;motor-P3-v3;L02-F5-E2;contador;trilhas equivalentes ao sequencial-v4;;889;889;;casos
PRJ38-S04-M030;PRJ38-S04;motor-P3-v3;L02-F5-E3;contador;trilhas equivalentes ao sequencial-v4;;889;889;;casos
PRJ38-S04-M031;PRJ38-S04;motor-P3-v3;L03-F1-E1;contador;trilhas equivalentes ao sequencial-v4;;889;889;;casos
PRJ38-S04-M032;PRJ38-S04;motor-P3-v3;L03-F1-E2;contador;trilhas equivalentes ao sequencial-v4;;889;889;;casos
PRJ38-S04-M033;PRJ38-S04;motor-P3-v3;L03-F1-E3;contador;trilhas equivalentes ao sequencial-v4;;889;889;;casos
PRJ38-S04-M034;PRJ38-S04;motor-P3-v3;L03-F2-E1;contador;trilhas equivalentes ao sequencial-v4;;889;889;;casos
PRJ38-S04-M035;PRJ38-S04;motor-P3-v3;L03-F2-E2;contador;trilhas equivalentes ao sequencial-v4;;889;889;;casos
PRJ38-S04-M036;PRJ38-S04;motor-P3-v3;L03-F2-E3;contador;trilhas equivalentes ao sequencial-v4;;889;889;;casos
PRJ38-S04-M037;PRJ38-S04;motor-P3-v3;L03-F3-E1;contador;trilhas equivalentes ao sequencial-v4;;889;889;;casos
PRJ38-S04-M038;PRJ38-S04;motor-P3-v3;L03-F3-E2;contador;trilhas equivalentes ao sequencial-v4;;889;889;;casos
PRJ38-S04-M039;PRJ38-S04;motor-P3-v3;L03-F3-E3;contador;trilhas equivalentes ao sequencial-v4;;889;889;;casos
PRJ38-S04-M040;PRJ38-S04;motor-P3-v3;L03-F4-E1;contador;trilhas equivalentes ao sequencial-v4;;889;889;;casos
PRJ38-S04-M041;PRJ38-S04;motor-P3-v3;L03-F4-E2;contador;trilhas equivalentes ao sequencial-v4;;889;889;;casos
PRJ38-S04-M042;PRJ38-S04;motor-P3-v3;L03-F4-E3;contador;trilhas equivalentes ao sequencial-v4;;889;889;;casos
PRJ38-S04-M043;PRJ38-S04;motor-P3-v3;L03-F5-E1;contador;trilhas equivalentes ao sequencial-v4;;889;889;;casos
PRJ38-S04-M044;PRJ38-S04;motor-P3-v3;L03-F5-E2;contador;trilhas equivalentes ao sequencial-v4;;889;889;;casos
PRJ38-S04-M045;PRJ38-S04;motor-P3-v3;L03-F5-E3;contador;trilhas equivalentes ao sequencial-v4;;889;889;;casos
PRJ38-S04-M046;PRJ38-S04;motor-P3-v3;L04-F1-E1;contador;trilhas equivalentes ao sequencial-v4;;889;889;;casos
PRJ38-S04-M047;PRJ38-S04;motor-P3-v3;L04-F1-E2;contador;trilhas equivalentes ao sequencial-v4;;889;889;;casos
PRJ38-S04-M048;PRJ38-S04;motor-P3-v3;L04-F1-E3;contador;trilhas equivalentes ao sequencial-v4;;889;889;;casos
PRJ38-S04-M049;PRJ38-S04;motor-P3-v3;L04-F2-E1;contador;trilhas equivalentes ao sequencial-v4;;889;889;;casos
PRJ38-S04-M050;PRJ38-S04;motor-P3-v3;L04-F2-E2;contador;trilhas equivalentes ao sequencial-v4;;889;889;;casos
PRJ38-S04-M051;PRJ38-S04;motor-P3-v3;L04-F2-E3;contador;trilhas equivalentes ao sequencial-v4;;889;889;;casos
PRJ38-S04-M052;PRJ38-S04;motor-P3-v3;L04-F3-E1;contador;trilhas equivalentes ao sequencial-v4;;889;889;;casos
PRJ38-S04-M053;PRJ38-S04;motor-P3-v3;L04-F3-E2;contador;trilhas equivalentes ao sequencial-v4;;889;889;;casos
PRJ38-S04-M054;PRJ38-S04;motor-P3-v3;L04-F3-E3;contador;trilhas equivalentes ao sequencial-v4;;889;889;;casos
PRJ38-S04-M055;PRJ38-S04;motor-P3-v3;L04-F4-E1;contador;trilhas equivalentes ao sequencial-v4;;889;889;;casos
PRJ38-S04-M056;PRJ38-S04;motor-P3-v3;L04-F4-E2;contador;trilhas equivalentes ao sequencial-v4;;889;889;;casos
PRJ38-S04-M057;PRJ38-S04;motor-P3-v3;L04-F4-E3;contador;trilhas equivalentes ao sequencial-v4;;889;889;;casos
PRJ38-S04-M058;PRJ38-S04;motor-P3-v3;L04-F5-E1;contador;trilhas equivalentes ao sequencial-v4;;889;889;;casos
PRJ38-S04-M059;PRJ38-S04;motor-P3-v3;L04-F5-E2;contador;trilhas equivalentes ao sequencial-v4;;889;889;;casos
PRJ38-S04-M060;PRJ38-S04;motor-P3-v3;L04-F5-E3;contador;trilhas equivalentes ao sequencial-v4;;889;889;;casos
PRJ38-S04-M061;PRJ38-S04;motor-P3-v3;L05-F1-E1;contador;trilhas equivalentes ao sequencial-v4;;889;889;;casos
PRJ38-S04-M062;PRJ38-S04;motor-P3-v3;L05-F1-E2;contador;trilhas equivalentes ao sequencial-v4;;889;889;;casos
PRJ38-S04-M063;PRJ38-S04;motor-P3-v3;L05-F1-E3;contador;trilhas equivalentes ao sequencial-v4;;889;889;;casos
PRJ38-S04-M064;PRJ38-S04;motor-P3-v3;L05-F2-E1;contador;trilhas equivalentes ao sequencial-v4;;889;889;;casos
PRJ38-S04-M065;PRJ38-S04;motor-P3-v3;L05-F2-E2;contador;trilhas equivalentes ao sequencial-v4;;889;889;;casos
PRJ38-S04-M066;PRJ38-S04;motor-P3-v3;L05-F2-E3;contador;trilhas equivalentes ao sequencial-v4;;889;889;;casos
PRJ38-S04-M067;PRJ38-S04;motor-P3-v3;L05-F3-E1;contador;trilhas equivalentes ao sequencial-v4;;889;889;;casos
PRJ38-S04-M068;PRJ38-S04;motor-P3-v3;L05-F3-E2;contador;trilhas equivalentes ao sequencial-v4;;889;889;;casos
PRJ38-S04-M069;PRJ38-S04;motor-P3-v3;L05-F3-E3;contador;trilhas equivalentes ao sequencial-v4;;889;889;;casos
PRJ38-S04-M070;PRJ38-S04;motor-P3-v3;L05-F4-E1;contador;trilhas equivalentes ao sequencial-v4;;889;889;;casos
PRJ38-S04-M071;PRJ38-S04;motor-P3-v3;L05-F4-E2;contador;trilhas equivalentes ao sequencial-v4;;889;889;;casos
PRJ38-S04-M072;PRJ38-S04;motor-P3-v3;L05-F4-E3;contador;trilhas equivalentes ao sequencial-v4;;889;889;;casos
PRJ38-S04-M073;PRJ38-S04;motor-P3-v3;L05-F5-E1;contador;trilhas equivalentes ao sequencial-v4;;889;889;;casos
PRJ38-S04-M074;PRJ38-S04;motor-P3-v3;L05-F5-E2;contador;trilhas equivalentes ao sequencial-v4;;889;889;;casos
PRJ38-S04-M075;PRJ38-S04;motor-P3-v3;L05-F5-E3;contador;trilhas equivalentes ao sequencial-v4;;889;889;;casos
PRJ38-S04-M076;PRJ38-S04;motor-P3-v3;L06-F1-E1;contador;trilhas equivalentes ao sequencial-v4;;889;889;;casos
PRJ38-S04-M077;PRJ38-S04;motor-P3-v3;L06-F1-E2;contador;trilhas equivalentes ao sequencial-v4;;889;889;;casos
PRJ38-S04-M078;PRJ38-S04;motor-P3-v3;L06-F1-E3;contador;trilhas equivalentes ao sequencial-v4;;889;889;;casos
PRJ38-S04-M079;PRJ38-S04;motor-P3-v3;L06-F2-E1;contador;trilhas equivalentes ao sequencial-v4;;889;889;;casos
PRJ38-S04-M080;PRJ38-S04;motor-P3-v3;L06-F2-E2;contador;trilhas equivalentes ao sequencial-v4;;889;889;;casos
PRJ38-S04-M081;PRJ38-S04;motor-P3-v3;L06-F2-E3;contador;trilhas equivalentes ao sequencial-v4;;889;889;;casos
PRJ38-S04-M082;PRJ38-S04;motor-P3-v3;L06-F3-E1;contador;trilhas equivalentes ao sequencial-v4;;889;889;;casos
PRJ38-S04-M083;PRJ38-S04;motor-P3-v3;L06-F3-E2;contador;trilhas equivalentes ao sequencial-v4;;889;889;;casos
PRJ38-S04-M084;PRJ38-S04;motor-P3-v3;L06-F3-E3;contador;trilhas equivalentes ao sequencial-v4;;889;889;;casos
PRJ38-S04-M085;PRJ38-S04;motor-P3-v3;L06-F4-E1;contador;trilhas equivalentes ao sequencial-v4;;889;889;;casos
PRJ38-S04-M086;PRJ38-S04;motor-P3-v3;L06-F4-E2;contador;trilhas equivalentes ao sequencial-v4;;889;889;;casos
PRJ38-S04-M087;PRJ38-S04;motor-P3-v3;L06-F4-E3;contador;trilhas equivalentes ao sequencial-v4;;889;889;;casos
PRJ38-S04-M088;PRJ38-S04;motor-P3-v3;L06-F5-E1;contador;trilhas equivalentes ao sequencial-v4;;889;889;;casos
PRJ38-S04-M089;PRJ38-S04;motor-P3-v3;L06-F5-E2;contador;trilhas equivalentes ao sequencial-v4;;889;889;;casos
PRJ38-S04-M090;PRJ38-S04;motor-P3-v3;L06-F5-E3;contador;trilhas equivalentes ao sequencial-v4;;889;889;;casos
PRJ38-S04-M091;PRJ38-S04;motor-P3-v3;L07-F1-E1;contador;trilhas equivalentes ao sequencial-v4;;889;889;;casos
PRJ38-S04-M092;PRJ38-S04;motor-P3-v3;L07-F1-E2;contador;trilhas equivalentes ao sequencial-v4;;889;889;;casos
PRJ38-S04-M093;PRJ38-S04;motor-P3-v3;L07-F1-E3;contador;trilhas equivalentes ao sequencial-v4;;889;889;;casos
PRJ38-S04-M094;PRJ38-S04;motor-P3-v3;L07-F2-E1;contador;trilhas equivalentes ao sequencial-v4;;889;889;;casos
PRJ38-S04-M095;PRJ38-S04;motor-P3-v3;L07-F2-E2;contador;trilhas equivalentes ao sequencial-v4;;889;889;;casos
PRJ38-S04-M096;PRJ38-S04;motor-P3-v3;L07-F2-E3;contador;trilhas equivalentes ao sequencial-v4;;889;889;;casos
PRJ38-S04-M097;PRJ38-S04;motor-P3-v3;L07-F3-E1;contador;trilhas equivalentes ao sequencial-v4;;889;889;;casos
PRJ38-S04-M098;PRJ38-S04;motor-P3-v3;L07-F3-E2;contador;trilhas equivalentes ao sequencial-v4;;889;889;;casos
PRJ38-S04-M099;PRJ38-S04;motor-P3-v3;L07-F3-E3;contador;trilhas equivalentes ao sequencial-v4;;889;889;;casos
PRJ38-S04-M100;PRJ38-S04;motor-P3-v3;L07-F4-E1;contador;trilhas equivalentes ao sequencial-v4;;889;889;;casos
PRJ38-S04-M101;PRJ38-S04;motor-P3-v3;L07-F4-E2;contador;trilhas equivalentes ao sequencial-v4;;889;889;;casos
PRJ38-S04-M102;PRJ38-S04;motor-P3-v3;L07-F4-E3;contador;trilhas equivalentes ao sequencial-v4;;889;889;;casos
PRJ38-S04-M103;PRJ38-S04;motor-P3-v3;L07-F5-E1;contador;trilhas equivalentes ao sequencial-v4;;889;889;;casos
PRJ38-S04-M104;PRJ38-S04;motor-P3-v3;L07-F5-E2;contador;trilhas equivalentes ao sequencial-v4;;889;889;;casos
PRJ38-S04-M105;PRJ38-S04;motor-P3-v3;L07-F5-E3;contador;trilhas equivalentes ao sequencial-v4;;889;889;;casos
PRJ38-S04-M106;PRJ38-S04;motor-P3-v3;L08-F1-E1;contador;trilhas equivalentes ao sequencial-v4;;889;889;;casos
PRJ38-S04-M107;PRJ38-S04;motor-P3-v3;L08-F1-E2;contador;trilhas equivalentes ao sequencial-v4;;889;889;;casos
PRJ38-S04-M108;PRJ38-S04;motor-P3-v3;L08-F1-E3;contador;trilhas equivalentes ao sequencial-v4;;889;889;;casos
PRJ38-S04-M109;PRJ38-S04;motor-P3-v3;L08-F2-E1;contador;trilhas equivalentes ao sequencial-v4;;889;889;;casos
PRJ38-S04-M110;PRJ38-S04;motor-P3-v3;L08-F2-E2;contador;trilhas equivalentes ao sequencial-v4;;889;889;;casos
PRJ38-S04-M111;PRJ38-S04;motor-P3-v3;L08-F2-E3;contador;trilhas equivalentes ao sequencial-v4;;889;889;;casos
PRJ38-S04-M112;PRJ38-S04;motor-P3-v3;L08-F3-E1;contador;trilhas equivalentes ao sequencial-v4;;889;889;;casos
PRJ38-S04-M113;PRJ38-S04;motor-P3-v3;L08-F3-E2;contador;trilhas equivalentes ao sequencial-v4;;889;889;;casos
PRJ38-S04-M114;PRJ38-S04;motor-P3-v3;L08-F3-E3;contador;trilhas equivalentes ao sequencial-v4;;889;889;;casos
PRJ38-S04-M115;PRJ38-S04;motor-P3-v3;L08-F4-E1;contador;trilhas equivalentes ao sequencial-v4;;889;889;;casos
PRJ38-S04-M116;PRJ38-S04;motor-P3-v3;L08-F4-E2;contador;trilhas equivalentes ao sequencial-v4;;889;889;;casos
PRJ38-S04-M117;PRJ38-S04;motor-P3-v3;L08-F4-E3;contador;trilhas equivalentes ao sequencial-v4;;889;889;;casos
PRJ38-S04-M118;PRJ38-S04;motor-P3-v3;L08-F5-E1;contador;trilhas equivalentes ao sequencial-v4;;889;889;;casos
PRJ38-S04-M119;PRJ38-S04;motor-P3-v3;L08-F5-E2;contador;trilhas equivalentes ao sequencial-v4;;889;889;;casos
PRJ38-S04-M120;PRJ38-S04;motor-P3-v3;L08-F5-E3;contador;trilhas equivalentes ao sequencial-v4;;889;889;;casos
PRJ38-S04-M121;PRJ38-S04;motor-P3-v3;L09-F1-E1;contador;trilhas equivalentes ao sequencial-v4;;889;889;;casos
PRJ38-S04-M122;PRJ38-S04;motor-P3-v3;L09-F1-E2;contador;trilhas equivalentes ao sequencial-v4;;889;889;;casos
PRJ38-S04-M123;PRJ38-S04;motor-P3-v3;L09-F1-E3;contador;trilhas equivalentes ao sequencial-v4;;889;889;;casos
PRJ38-S04-M124;PRJ38-S04;motor-P3-v3;L09-F2-E1;contador;trilhas equivalentes ao sequencial-v4;;889;889;;casos
PRJ38-S04-M125;PRJ38-S04;motor-P3-v3;L09-F2-E2;contador;trilhas equivalentes ao sequencial-v4;;889;889;;casos
PRJ38-S04-M126;PRJ38-S04;motor-P3-v3;L09-F2-E3;contador;trilhas equivalentes ao sequencial-v4;;889;889;;casos
PRJ38-S04-M127;PRJ38-S04;motor-P3-v3;L09-F3-E1;contador;trilhas equivalentes ao sequencial-v4;;889;889;;casos
PRJ38-S04-M128;PRJ38-S04;motor-P3-v3;L09-F3-E2;contador;trilhas equivalentes ao sequencial-v4;;889;889;;casos
PRJ38-S04-M129;PRJ38-S04;motor-P3-v3;L09-F3-E3;contador;trilhas equivalentes ao sequencial-v4;;889;889;;casos
PRJ38-S04-M130;PRJ38-S04;motor-P3-v3;L09-F4-E1;contador;trilhas equivalentes ao sequencial-v4;;889;889;;casos
PRJ38-S04-M131;PRJ38-S04;motor-P3-v3;L09-F4-E2;contador;trilhas equivalentes ao sequencial-v4;;889;889;;casos
PRJ38-S04-M132;PRJ38-S04;motor-P3-v3;L09-F4-E3;contador;trilhas equivalentes ao sequencial-v4;;889;889;;casos
PRJ38-S04-M133;PRJ38-S04;motor-P3-v3;L09-F5-E1;contador;trilhas equivalentes ao sequencial-v4;;889;889;;casos
PRJ38-S04-M134;PRJ38-S04;motor-P3-v3;L09-F5-E2;contador;trilhas equivalentes ao sequencial-v4;;889;889;;casos
PRJ38-S04-M135;PRJ38-S04;motor-P3-v3;L09-F5-E3;contador;trilhas equivalentes ao sequencial-v4;;889;889;;casos
PRJ38-S04-M136;PRJ38-S04;motor-P3-v3;L10-F1-E1;contador;trilhas equivalentes ao sequencial-v4;;889;889;;casos
PRJ38-S04-M137;PRJ38-S04;motor-P3-v3;L10-F1-E2;contador;trilhas equivalentes ao sequencial-v4;;889;889;;casos
PRJ38-S04-M138;PRJ38-S04;motor-P3-v3;L10-F1-E3;contador;trilhas equivalentes ao sequencial-v4;;889;889;;casos
PRJ38-S04-M139;PRJ38-S04;motor-P3-v3;L10-F2-E1;contador;trilhas equivalentes ao sequencial-v4;;889;889;;casos
PRJ38-S04-M140;PRJ38-S04;motor-P3-v3;L10-F2-E2;contador;trilhas equivalentes ao sequencial-v4;;889;889;;casos
PRJ38-S04-M141;PRJ38-S04;motor-P3-v3;L10-F2-E3;contador;trilhas equivalentes ao sequencial-v4;;889;889;;casos
PRJ38-S04-M142;PRJ38-S04;motor-P3-v3;L10-F3-E1;contador;trilhas equivalentes ao sequencial-v4;;889;889;;casos
PRJ38-S04-M143;PRJ38-S04;motor-P3-v3;L10-F3-E2;contador;trilhas equivalentes ao sequencial-v4;;889;889;;casos
PRJ38-S04-M144;PRJ38-S04;motor-P3-v3;L10-F3-E3;contador;trilhas equivalentes ao sequencial-v4;;889;889;;casos
PRJ38-S04-M145;PRJ38-S04;motor-P3-v3;L10-F4-E1;contador;trilhas equivalentes ao sequencial-v4;;889;889;;casos
PRJ38-S04-M146;PRJ38-S04;motor-P3-v3;L10-F4-E2;contador;trilhas equivalentes ao sequencial-v4;;889;889;;casos
PRJ38-S04-M147;PRJ38-S04;motor-P3-v3;L10-F4-E3;contador;trilhas equivalentes ao sequencial-v4;;889;889;;casos
PRJ38-S04-M148;PRJ38-S04;motor-P3-v3;L10-F5-E1;contador;trilhas equivalentes ao sequencial-v4;;889;889;;casos
PRJ38-S04-M149;PRJ38-S04;motor-P3-v3;L10-F5-E2;contador;trilhas equivalentes ao sequencial-v4;;889;889;;casos
PRJ38-S04-M150;PRJ38-S04;motor-P3-v3;L10-F5-E3;contador;trilhas equivalentes ao sequencial-v4;;889;889;;casos
PRJ38-S04-M151;PRJ38-S04;motor-P3-v3;L11-F1-E1;contador;trilhas equivalentes ao sequencial-v4;;889;889;;casos
PRJ38-S04-M152;PRJ38-S04;motor-P3-v3;L11-F1-E2;contador;trilhas equivalentes ao sequencial-v4;;889;889;;casos
PRJ38-S04-M153;PRJ38-S04;motor-P3-v3;L11-F1-E3;contador;trilhas equivalentes ao sequencial-v4;;889;889;;casos
PRJ38-S04-M154;PRJ38-S04;motor-P3-v3;L11-F2-E1;contador;trilhas equivalentes ao sequencial-v4;;889;889;;casos
PRJ38-S04-M155;PRJ38-S04;motor-P3-v3;L11-F2-E2;contador;trilhas equivalentes ao sequencial-v4;;889;889;;casos
PRJ38-S04-M156;PRJ38-S04;motor-P3-v3;L11-F2-E3;contador;trilhas equivalentes ao sequencial-v4;;889;889;;casos
PRJ38-S04-M157;PRJ38-S04;motor-P3-v3;L11-F3-E1;contador;trilhas equivalentes ao sequencial-v4;;889;889;;casos
PRJ38-S04-M158;PRJ38-S04;motor-P3-v3;L11-F3-E2;contador;trilhas equivalentes ao sequencial-v4;;889;889;;casos
PRJ38-S04-M159;PRJ38-S04;motor-P3-v3;L11-F3-E3;contador;trilhas equivalentes ao sequencial-v4;;889;889;;casos
PRJ38-S04-M160;PRJ38-S04;motor-P3-v3;L11-F4-E1;contador;trilhas equivalentes ao sequencial-v4;;889;889;;casos
PRJ38-S04-M161;PRJ38-S04;motor-P3-v3;L11-F4-E2;contador;trilhas equivalentes ao sequencial-v4;;889;889;;casos
PRJ38-S04-M162;PRJ38-S04;motor-P3-v3;L11-F4-E3;contador;trilhas equivalentes ao sequencial-v4;;889;889;;casos
PRJ38-S04-M163;PRJ38-S04;motor-P3-v3;L11-F5-E1;contador;trilhas equivalentes ao sequencial-v4;;889;889;;casos
PRJ38-S04-M164;PRJ38-S04;motor-P3-v3;L11-F5-E2;contador;trilhas equivalentes ao sequencial-v4;;889;889;;casos
PRJ38-S04-M165;PRJ38-S04;motor-P3-v3;L11-F5-E3;contador;trilhas equivalentes ao sequencial-v4;;889;889;;casos
PRJ38-S04-M166;PRJ38-S04;motor-P3-v3;L12-F1-E1;contador;trilhas equivalentes ao sequencial-v4;;889;889;;casos
PRJ38-S04-M167;PRJ38-S04;motor-P3-v3;L12-F1-E2;contador;trilhas equivalentes ao sequencial-v4;;889;889;;casos
PRJ38-S04-M168;PRJ38-S04;motor-P3-v3;L12-F1-E3;contador;trilhas equivalentes ao sequencial-v4;;889;889;;casos
PRJ38-S04-M169;PRJ38-S04;motor-P3-v3;L12-F2-E1;contador;trilhas equivalentes ao sequencial-v4;;889;889;;casos
PRJ38-S04-M170;PRJ38-S04;motor-P3-v3;L12-F2-E2;contador;trilhas equivalentes ao sequencial-v4;;889;889;;casos
PRJ38-S04-M171;PRJ38-S04;motor-P3-v3;L12-F2-E3;contador;trilhas equivalentes ao sequencial-v4;;889;889;;casos
PRJ38-S04-M172;PRJ38-S04;motor-P3-v3;L12-F3-E1;contador;trilhas equivalentes ao sequencial-v4;;889;889;;casos
PRJ38-S04-M173;PRJ38-S04;motor-P3-v3;L12-F3-E2;contador;trilhas equivalentes ao sequencial-v4;;889;889;;casos
PRJ38-S04-M174;PRJ38-S04;motor-P3-v3;L12-F3-E3;contador;trilhas equivalentes ao sequencial-v4;;889;889;;casos
PRJ38-S04-M175;PRJ38-S04;motor-P3-v3;L12-F4-E1;contador;trilhas equivalentes ao sequencial-v4;;889;889;;casos
PRJ38-S04-M176;PRJ38-S04;motor-P3-v3;L12-F4-E2;contador;trilhas equivalentes ao sequencial-v4;;889;889;;casos
PRJ38-S04-M177;PRJ38-S04;motor-P3-v3;L12-F4-E3;contador;trilhas equivalentes ao sequencial-v4;;889;889;;casos
PRJ38-S04-M178;PRJ38-S04;motor-P3-v3;L12-F5-E1;contador;trilhas equivalentes ao sequencial-v4;;889;889;;casos
PRJ38-S04-M179;PRJ38-S04;motor-P3-v3;L12-F5-E2;contador;trilhas equivalentes ao sequencial-v4;;889;889;;casos
PRJ38-S04-M180;PRJ38-S04;motor-P3-v3;L12-F5-E3;contador;trilhas equivalentes ao sequencial-v4;;889;889;;casos
PRJ38-S04-M181;PRJ38-S04;motor-P3-v3;L13-F1-E1;contador;trilhas equivalentes ao sequencial-v4;;889;889;;casos
PRJ38-S04-M182;PRJ38-S04;motor-P3-v3;L13-F1-E2;contador;trilhas equivalentes ao sequencial-v4;;889;889;;casos
PRJ38-S04-M183;PRJ38-S04;motor-P3-v3;L13-F1-E3;contador;trilhas equivalentes ao sequencial-v4;;889;889;;casos
PRJ38-S04-M184;PRJ38-S04;motor-P3-v3;L13-F2-E1;contador;trilhas equivalentes ao sequencial-v4;;889;889;;casos
PRJ38-S04-M185;PRJ38-S04;motor-P3-v3;L13-F2-E2;contador;trilhas equivalentes ao sequencial-v4;;889;889;;casos
PRJ38-S04-M186;PRJ38-S04;motor-P3-v3;L13-F2-E3;contador;trilhas equivalentes ao sequencial-v4;;889;889;;casos
PRJ38-S04-M187;PRJ38-S04;motor-P3-v3;L13-F3-E1;contador;trilhas equivalentes ao sequencial-v4;;889;889;;casos
PRJ38-S04-M188;PRJ38-S04;motor-P3-v3;L13-F3-E2;contador;trilhas equivalentes ao sequencial-v4;;889;889;;casos
PRJ38-S04-M189;PRJ38-S04;motor-P3-v3;L13-F3-E3;contador;trilhas equivalentes ao sequencial-v4;;889;889;;casos
PRJ38-S04-M190;PRJ38-S04;motor-P3-v3;L13-F4-E1;contador;trilhas equivalentes ao sequencial-v4;;889;889;;casos
PRJ38-S04-M191;PRJ38-S04;motor-P3-v3;L13-F4-E2;contador;trilhas equivalentes ao sequencial-v4;;889;889;;casos
PRJ38-S04-M192;PRJ38-S04;motor-P3-v3;L13-F4-E3;contador;trilhas equivalentes ao sequencial-v4;;889;889;;casos
PRJ38-S04-M193;PRJ38-S04;motor-P3-v3;L13-F5-E1;contador;trilhas equivalentes ao sequencial-v4;;889;889;;casos
PRJ38-S04-M194;PRJ38-S04;motor-P3-v3;L13-F5-E2;contador;trilhas equivalentes ao sequencial-v4;;889;889;;casos
PRJ38-S04-M195;PRJ38-S04;motor-P3-v3;L13-F5-E3;contador;trilhas equivalentes ao sequencial-v4;;889;889;;casos
PRJ38-S04-M196;PRJ38-S04;motor-P3-v3;L14-F1-E1;contador;trilhas equivalentes ao sequencial-v4;;889;889;;casos
PRJ38-S04-M197;PRJ38-S04;motor-P3-v3;L14-F1-E2;contador;trilhas equivalentes ao sequencial-v4;;889;889;;casos
PRJ38-S04-M198;PRJ38-S04;motor-P3-v3;L14-F1-E3;contador;trilhas equivalentes ao sequencial-v4;;889;889;;casos
PRJ38-S04-M199;PRJ38-S04;motor-P3-v3;L14-F2-E1;contador;trilhas equivalentes ao sequencial-v4;;889;889;;casos
PRJ38-S04-M200;PRJ38-S04;motor-P3-v3;L14-F2-E2;contador;trilhas equivalentes ao sequencial-v4;;889;889;;casos
PRJ38-S04-M201;PRJ38-S04;motor-P3-v3;L14-F2-E3;contador;trilhas equivalentes ao sequencial-v4;;889;889;;casos
PRJ38-S04-M202;PRJ38-S04;motor-P3-v3;L14-F3-E1;contador;trilhas equivalentes ao sequencial-v4;;889;889;;casos
PRJ38-S04-M203;PRJ38-S04;motor-P3-v3;L14-F3-E2;contador;trilhas equivalentes ao sequencial-v4;;889;889;;casos
PRJ38-S04-M204;PRJ38-S04;motor-P3-v3;L14-F3-E3;contador;trilhas equivalentes ao sequencial-v4;;889;889;;casos
PRJ38-S04-M205;PRJ38-S04;motor-P3-v3;L14-F4-E1;contador;trilhas equivalentes ao sequencial-v4;;889;889;;casos
PRJ38-S04-M206;PRJ38-S04;motor-P3-v3;L14-F4-E2;contador;trilhas equivalentes ao sequencial-v4;;889;889;;casos
PRJ38-S04-M207;PRJ38-S04;motor-P3-v3;L14-F4-E3;contador;trilhas equivalentes ao sequencial-v4;;889;889;;casos
PRJ38-S04-M208;PRJ38-S04;motor-P3-v3;L14-F5-E1;contador;trilhas equivalentes ao sequencial-v4;;889;889;;casos
PRJ38-S04-M209;PRJ38-S04;motor-P3-v3;L14-F5-E2;contador;trilhas equivalentes ao sequencial-v4;;889;889;;casos
PRJ38-S04-M210;PRJ38-S04;motor-P3-v3;L14-F5-E3;contador;trilhas equivalentes ao sequencial-v4;;889;889;;casos
PRJ38-S04-M211;PRJ38-S04;motor-P3-v3;L15-F1-E1;contador;trilhas equivalentes ao sequencial-v4;;889;889;;casos
PRJ38-S04-M212;PRJ38-S04;motor-P3-v3;L15-F1-E2;contador;trilhas equivalentes ao sequencial-v4;;889;889;;casos
PRJ38-S04-M213;PRJ38-S04;motor-P3-v3;L15-F1-E3;contador;trilhas equivalentes ao sequencial-v4;;889;889;;casos
PRJ38-S04-M214;PRJ38-S04;motor-P3-v3;L15-F2-E1;contador;trilhas equivalentes ao sequencial-v4;;889;889;;casos
PRJ38-S04-M215;PRJ38-S04;motor-P3-v3;L15-F2-E2;contador;trilhas equivalentes ao sequencial-v4;;889;889;;casos
PRJ38-S04-M216;PRJ38-S04;motor-P3-v3;L15-F2-E3;contador;trilhas equivalentes ao sequencial-v4;;889;889;;casos
PRJ38-S04-M217;PRJ38-S04;motor-P3-v3;L15-F3-E1;contador;trilhas equivalentes ao sequencial-v4;;889;889;;casos
PRJ38-S04-M218;PRJ38-S04;motor-P3-v3;L15-F3-E2;contador;trilhas equivalentes ao sequencial-v4;;889;889;;casos
PRJ38-S04-M219;PRJ38-S04;motor-P3-v3;L15-F3-E3;contador;trilhas equivalentes ao sequencial-v4;;889;889;;casos
PRJ38-S04-M220;PRJ38-S04;motor-P3-v3;L15-F4-E1;contador;trilhas equivalentes ao sequencial-v4;;889;889;;casos
PRJ38-S04-M221;PRJ38-S04;motor-P3-v3;L15-F4-E2;contador;trilhas equivalentes ao sequencial-v4;;889;889;;casos
PRJ38-S04-M222;PRJ38-S04;motor-P3-v3;L15-F4-E3;contador;trilhas equivalentes ao sequencial-v4;;889;889;;casos
PRJ38-S04-M223;PRJ38-S04;motor-P3-v3;L15-F5-E1;contador;trilhas equivalentes ao sequencial-v4;;889;889;;casos
PRJ38-S04-M224;PRJ38-S04;motor-P3-v3;L15-F5-E2;contador;trilhas equivalentes ao sequencial-v4;;889;889;;casos
PRJ38-S04-M225;PRJ38-S04;motor-P3-v3;L15-F5-E3;contador;trilhas equivalentes ao sequencial-v4;;889;889;;casos
PRJ38-S04-M226;PRJ38-S04;motor-P3-v3;L16-F1-E1;contador;trilhas equivalentes ao sequencial-v4;;889;889;;casos
PRJ38-S04-M227;PRJ38-S04;motor-P3-v3;L16-F1-E2;contador;trilhas equivalentes ao sequencial-v4;;889;889;;casos
PRJ38-S04-M228;PRJ38-S04;motor-P3-v3;L16-F1-E3;contador;trilhas equivalentes ao sequencial-v4;;889;889;;casos
PRJ38-S04-M229;PRJ38-S04;motor-P3-v3;L16-F2-E1;contador;trilhas equivalentes ao sequencial-v4;;889;889;;casos
PRJ38-S04-M230;PRJ38-S04;motor-P3-v3;L16-F2-E2;contador;trilhas equivalentes ao sequencial-v4;;889;889;;casos
PRJ38-S04-M231;PRJ38-S04;motor-P3-v3;L16-F2-E3;contador;trilhas equivalentes ao sequencial-v4;;889;889;;casos
PRJ38-S04-M232;PRJ38-S04;motor-P3-v3;L16-F3-E1;contador;trilhas equivalentes ao sequencial-v4;;889;889;;casos
PRJ38-S04-M233;PRJ38-S04;motor-P3-v3;L16-F3-E2;contador;trilhas equivalentes ao sequencial-v4;;889;889;;casos
PRJ38-S04-M234;PRJ38-S04;motor-P3-v3;L16-F3-E3;contador;trilhas equivalentes ao sequencial-v4;;889;889;;casos
PRJ38-S04-M235;PRJ38-S04;motor-P3-v3;L16-F4-E1;contador;trilhas equivalentes ao sequencial-v4;;889;889;;casos
PRJ38-S04-M236;PRJ38-S04;motor-P3-v3;L16-F4-E2;contador;trilhas equivalentes ao sequencial-v4;;889;889;;casos
PRJ38-S04-M237;PRJ38-S04;motor-P3-v3;L16-F4-E3;contador;trilhas equivalentes ao sequencial-v4;;889;889;;casos
PRJ38-S04-M238;PRJ38-S04;motor-P3-v3;L16-F5-E1;contador;trilhas equivalentes ao sequencial-v4;;889;889;;casos
PRJ38-S04-M239;PRJ38-S04;motor-P3-v3;L16-F5-E2;contador;trilhas equivalentes ao sequencial-v4;;889;889;;casos
PRJ38-S04-M240;PRJ38-S04;motor-P3-v3;L16-F5-E3;contador;trilhas equivalentes ao sequencial-v4;;889;889;;casos
PRJ38-S04-M241;PRJ38-S04;motor-P3-v3;L17-F1-E1;contador;trilhas equivalentes ao sequencial-v4;;888;888;;casos
PRJ38-S04-M242;PRJ38-S04;motor-P3-v3;L17-F1-E2;contador;trilhas equivalentes ao sequencial-v4;;888;888;;casos
PRJ38-S04-M243;PRJ38-S04;motor-P3-v3;L17-F1-E3;contador;trilhas equivalentes ao sequencial-v4;;888;888;;casos
PRJ38-S04-M244;PRJ38-S04;motor-P3-v3;L17-F2-E1;contador;trilhas equivalentes ao sequencial-v4;;888;888;;casos
PRJ38-S04-M245;PRJ38-S04;motor-P3-v3;L17-F2-E2;contador;trilhas equivalentes ao sequencial-v4;;888;888;;casos
PRJ38-S04-M246;PRJ38-S04;motor-P3-v3;L17-F2-E3;contador;trilhas equivalentes ao sequencial-v4;;888;888;;casos
PRJ38-S04-M247;PRJ38-S04;motor-P3-v3;L17-F3-E1;contador;trilhas equivalentes ao sequencial-v4;;888;888;;casos
PRJ38-S04-M248;PRJ38-S04;motor-P3-v3;L17-F3-E2;contador;trilhas equivalentes ao sequencial-v4;;888;888;;casos
PRJ38-S04-M249;PRJ38-S04;motor-P3-v3;L17-F3-E3;contador;trilhas equivalentes ao sequencial-v4;;888;888;;casos
PRJ38-S04-M250;PRJ38-S04;motor-P3-v3;L17-F4-E1;contador;trilhas equivalentes ao sequencial-v4;;888;888;;casos
PRJ38-S04-M251;PRJ38-S04;motor-P3-v3;L17-F4-E2;contador;trilhas equivalentes ao sequencial-v4;;888;888;;casos
PRJ38-S04-M252;PRJ38-S04;motor-P3-v3;L17-F4-E3;contador;trilhas equivalentes ao sequencial-v4;;888;888;;casos
PRJ38-S04-M253;PRJ38-S04;motor-P3-v3;L17-F5-E1;contador;trilhas equivalentes ao sequencial-v4;;888;888;;casos
PRJ38-S04-M254;PRJ38-S04;motor-P3-v3;L17-F5-E2;contador;trilhas equivalentes ao sequencial-v4;;888;888;;casos
PRJ38-S04-M255;PRJ38-S04;motor-P3-v3;L17-F5-E3;contador;trilhas equivalentes ao sequencial-v4;;888;888;;casos
PRJ38-S04-M256;PRJ38-S04;motor-P3-v3;L18-F1-E1;contador;trilhas equivalentes ao sequencial-v4;;888;888;;casos
PRJ38-S04-M257;PRJ38-S04;motor-P3-v3;L18-F1-E2;contador;trilhas equivalentes ao sequencial-v4;;888;888;;casos
PRJ38-S04-M258;PRJ38-S04;motor-P3-v3;L18-F1-E3;contador;trilhas equivalentes ao sequencial-v4;;888;888;;casos
PRJ38-S04-M259;PRJ38-S04;motor-P3-v3;L18-F2-E1;contador;trilhas equivalentes ao sequencial-v4;;888;888;;casos
PRJ38-S04-M260;PRJ38-S04;motor-P3-v3;L18-F2-E2;contador;trilhas equivalentes ao sequencial-v4;;888;888;;casos
PRJ38-S04-M261;PRJ38-S04;motor-P3-v3;L18-F2-E3;contador;trilhas equivalentes ao sequencial-v4;;888;888;;casos
PRJ38-S04-M262;PRJ38-S04;motor-P3-v3;L18-F3-E1;contador;trilhas equivalentes ao sequencial-v4;;888;888;;casos
PRJ38-S04-M263;PRJ38-S04;motor-P3-v3;L18-F3-E2;contador;trilhas equivalentes ao sequencial-v4;;888;888;;casos
PRJ38-S04-M264;PRJ38-S04;motor-P3-v3;L18-F3-E3;contador;trilhas equivalentes ao sequencial-v4;;888;888;;casos
PRJ38-S04-M265;PRJ38-S04;motor-P3-v3;L18-F4-E1;contador;trilhas equivalentes ao sequencial-v4;;888;888;;casos
PRJ38-S04-M266;PRJ38-S04;motor-P3-v3;L18-F4-E2;contador;trilhas equivalentes ao sequencial-v4;;888;888;;casos
PRJ38-S04-M267;PRJ38-S04;motor-P3-v3;L18-F4-E3;contador;trilhas equivalentes ao sequencial-v4;;888;888;;casos
PRJ38-S04-M268;PRJ38-S04;motor-P3-v3;L18-F5-E1;contador;trilhas equivalentes ao sequencial-v4;;888;888;;casos
PRJ38-S04-M269;PRJ38-S04;motor-P3-v3;L18-F5-E2;contador;trilhas equivalentes ao sequencial-v4;;888;888;;casos
PRJ38-S04-M270;PRJ38-S04;motor-P3-v3;L18-F5-E3;contador;trilhas equivalentes ao sequencial-v4;;888;888;;casos
PRJ38-S05-M001;PRJ38-S05;sequencial-v4;balde_1;histograma;latência p95;1.2;;;180000;s
PRJ38-S05-M002;PRJ38-S05;sequencial-v4;balde_2;histograma;latência p95;2.0;;;40000;s
PRJ38-S05-M003;PRJ38-S05;sequencial-v4;balde_3;histograma;latência p95;2.84;;;8000;s
PRJ38-S05-M004;PRJ38-S05;sequencial-v4;balde_4;histograma;latência p95;3.2;;;12000;s
PRJ38-S06-M001;PRJ38-S06;motor-P3-v3;balde_1;histograma;latência p95;0.6;;;180000;s
PRJ38-S06-M002;PRJ38-S06;motor-P3-v3;balde_2;histograma;latência p95;1.0;;;40000;s
PRJ38-S06-M003;PRJ38-S06;motor-P3-v3;balde_3;histograma;latência p95;1.42;;;8000;s
PRJ38-S06-M004;PRJ38-S06;motor-P3-v3;balde_4;histograma;latência p95;1.8;;;12000;s
