id_atividade;ciclo;fase;natureza_informada_pela_equipe;descricao;resultado_ou_saida;evidencias_relacionadas;responsavel_por_funcao
PRJ01-ATV01;C1;Caracterização do problema;Análise;Uma interrupção fazia a mesma confirmação chegar duas vezes ao conciliador.;Pergunta: Como aplicar idempotência conhecida ao reenvio de mensagens sem bloquear pagamentos legítimos?;PRJ01-EV01;Engenharia de Mensageria
PRJ01-ATV02;C1;Confronto com referência anterior;Análise;O manual fictício BARR-2, seção 4, anterior à configuração, fornece chave composta por operação e versão, retenção de duplicatas e distinção entre reenvio e nova operação.;Referências e recursos anteriores descritos no método.;PRJ01-EV06;Engenharia de Mensageria
PRJ01-ATV03;C1;Especificação do mecanismo;Desenvolvimento;"Configurar deduplicação por (operação, versão). Uma retransmissão mantém a chave; uma operação legítima nova recebe outra. Alterar retenção de 30 para 120 segundos, conforme faixa de 10–300 segundos já admitida pelo produto. Nenhum algoritmo do barramento foi modificado.";"Mecanismo proposto ou configuração descrita; estado conforme documento.";PRJ01-EV05 | PRJ01-EV06;Engenharia de Mensageria
PRJ01-ATV04;C2;Preparação dos cenários;Documentação;"Sessenta roteiros: 40 envios únicos, 12 retransmissões da mesma chave e oito operações novas após interrupção. A rodada deduplicacao-v1 reteve oito duplicatas; deduplicacao-v2 reteve as 12. As oito operações novas foram liberadas em ambas.";"Entradas e populações documentadas no método; recortes identificados no arquivo de entradas.";PRJ01-EV05 | PRJ01-EV06 | PRJ01-EV12;Engenharia de Mensageria
PRJ01-ATV05;C2;Registro de medições;Teste;"Arquivar medições por versão e cenário. Contadores de ocorrências são separados de medições escalares e histogramas; seu significado é dado pelo método.";Arquivo de medições organizado por ensaio e versão, com unidade indicada em cada registro.;PRJ01-EV08;Engenharia de Mensageria
PRJ01-ATV06;C3;Análise de ocorrências;Análise;"operação=OP010; versão=1; chegada=0 s e 45 s";"deduplicacao-v1 liberou a segunda após expirar 30 s; deduplicacao-v2 reteve com 120 s";PRJ01-EV11;Engenharia de Mensageria
PRJ01-ATV07;C3;Conferência dos resultados;Teste;"Calcular os indicadores a partir dos registros localizados; distinguir versões e denominadores.";"deduplicacao-v1: duplicatas retidas=8; deduplicacao-v2: duplicatas retidas=12; deduplicacao-v2: operações legítimas liberadas=8";PRJ01-EV08 | PRJ01-EV09;Engenharia de Mensageria
PRJ01-ATV08;C4;Consolidação técnica;Documentação;Aceite limitado aos conectores e à janela configurada. Não há hipótese de mecanismo novo, apenas adequação da configuração ao contrato.;Limites e próxima ação registrados na data de corte.;PRJ01-EV07 | PRJ01-EV13;Engenharia de Mensageria
PRJ02-ATV01;C1;Caracterização do problema;Análise;O razão contábil e o extrato do cliente podiam registrar o mesmo evento com descrições e horários diferentes.;Pergunta: Era possível associar os registros sem depender de uma igualdade exata entre textos e horários?;PRJ02-EV01;Conciliação e Dados
PRJ02-ATV02;C1;Confronto com referência anterior;Análise;"Igualdade textual, faixa de valor/tempo e atribuição bipartida de custo mínimo já eram dominadas. A última força pareamento em componentes ambíguos quando dois relógios divergem; não representa causalidade relativa nem abstenção por margem.";Referências e recursos anteriores descritos no método.;PRJ02-EV06;Conciliação e Dados
PRJ02-ATV03;C1;Especificação do mecanismo;Desenvolvimento;"Grafo de candidatos com arestas apenas para mesmo valor e janela corrigida de 120 s. Estimar deslocamento pela mediana dos pares-âncora inequívocos. Custo de aresta: 0,6×|diferença temporal corrigida|/120 + 0,4×(1-Jaccard dos tokens da descrição em minúsculas). Impor ordem relativa somente dentro de cadeia com sequência confiável, nunca entre contas independentes. Resolver custo mínimo; abster se a margem entre as duas melhores atribuições for menor que 0,15. Bipartido usa o mesmo custo, sem restrição de ordem ou abstenção.";"Mecanismo proposto ou configuração descrita; estado conforme documento.";PRJ02-EV05 | PRJ02-EV06;Conciliação e Dados
PRJ02-ATV04;C2;Preparação dos cenários;Documentação;"1.200 pares, 400 em cada deslocamento de relógio de 0, +90 e -90 segundos; 60 ambíguos por perfil, total 180. Mesma referência lacrada para quatro alternativas. Limites definidos antes da rodada: pelo menos 95% de acerto e no máximo 1% de vínculos falsos. Os 48 pares recusados pelo grafo pertencem ao estrato ambíguo.";"Entradas e populações documentadas no método; recortes identificados no arquivo de entradas.";PRJ02-EV05 | PRJ02-EV06 | PRJ02-EV12;Conciliação e Dados
PRJ02-ATV05;C2;Registro de medições;Teste;"Arquivar medições por versão e cenário. Contadores de ocorrências são separados de medições escalares e histogramas; seu significado é dado pelo método.";Arquivo de medições organizado por ensaio e versão, com unidade indicada em cada registro.;PRJ02-EV08;Conciliação e Dados
PRJ02-ATV06;C3;Análise de ocorrências;Análise;"cadeia A: seq10→seq11; extrato com relógio +90 s; dois valores iguais";"bipartido inverteu candidatos; restrito preservou a ordem";PRJ02-EV11;Conciliação e Dados
PRJ02-ATV07;C3;Conferência dos resultados;Teste;"Calcular os indicadores a partir dos registros localizados; distinguir versões e denominadores.";"texto-v1: pares corretos=852; faixa-v2: pares corretos=1.056; bipartido-v3: pares corretos=1.104";PRJ02-EV08 | PRJ02-EV09;Conciliação e Dados
PRJ02-ATV08;C4;Consolidação técnica;Documentação;Conclusão limitada à associação com sequência confiável e aos três deslocamentos ensaiados. Sem inferência sobre transações reais ou ausência de ordem de origem.;Limites e próxima ação registrados na data de corte.;PRJ02-EV07 | PRJ02-EV13;Conciliação e Dados
PRJ03-ATV01;C1;Caracterização do problema;Análise;Quando um serviço voltava ao ar, a fila acumulada era liberada de uma vez e criava nova sobrecarga.;Pergunta: Qual ritmo de reexecução recuperaria a fila sem provocar outra queda?;PRJ03-EV01;Plataforma de Pagamentos
PRJ03-ATV02;C1;Confronto com referência anterior;Análise;Lote fixo e controle reativo pela latência eram conhecidos. Após duas falhas sucessivas, atraso da fila e latência do serviço davam sinais incompatíveis: o reativo acelerava ao ver fila envelhecida e recriava sobrecarga.;Referências e recursos anteriores descritos no método.;PRJ03-EV06;Plataforma de Pagamentos
PRJ03-ATV03;C1;Especificação do mecanismo;Desenvolvimento;"A cada segundo medir p95 da latência em janela de 10 s e derivada do atraso da fila. Limitar lote a [50,1000]. Se p95>400 ms reduzir lote em 25%; se p95≤ 400 ms e atraso cresce, aumentar no máximo 5%; só voltar a acelerar após três janelas estáveis. O acoplamento com histerese, e não um novo nome para retry, foi confrontado com o controlador de latência isolado.";"Mecanismo proposto ou configuração descrita; estado conforme documento.";PRJ03-EV05 | PRJ03-EV06;Plataforma de Pagamentos
PRJ03-ATV04;C2;Preparação dos cenários;Documentação;Seis cenários: filas de 5, 20 e 50 mil eventos × dois perfis de latência. Falhas nos instantes 30 s e 90 s, indisponibilidade de 10 s cada. Mesmas entradas e calendário nas três estratégias. A redução de 34% refere-se à fila de 50 mil no perfil L2: 1.000 s para 660 s.;"Entradas e populações documentadas no método; recortes identificados no arquivo de entradas.";PRJ03-EV05 | PRJ03-EV06 | PRJ03-EV12;Plataforma de Pagamentos
PRJ03-ATV05;C2;Registro de medições;Teste;"Arquivar medições por versão e cenário. Contadores de ocorrências são separados de medições escalares e histogramas; seu significado é dado pelo método.";Arquivo de medições organizado por ensaio e versão, com unidade indicada em cada registro.;PRJ03-EV08;Plataforma de Pagamentos
PRJ03-ATV06;C3;Análise de ocorrências;Análise;"fila=50000; perfil=L2; t=100 s; latência=510 ms; atraso crescente";"reativo elevou lote; duplo reduziu 25% e aguardou estabilidade";PRJ03-EV11;Plataforma de Pagamentos
PRJ03-ATV07;C3;Conferência dos resultados;Teste;"Calcular os indicadores a partir dos registros localizados; distinguir versões e denominadores.";"fixo-v1: cenários sem terceira queda=6; reativo-v2: cenários sem terceira queda=4; duplo-v3: cenários sem terceira queda=6";PRJ03-EV08 | PRJ03-EV09;Plataforma de Pagamentos
PRJ03-ATV08;C4;Consolidação técnica;Documentação;Duas falhas e latência nos perfis L1/L2 compõem o escopo de conclusão. Sequências mais longas não foram reivindicadas.;Limites e próxima ação registrados na data de corte.;PRJ03-EV07 | PRJ03-EV13;Plataforma de Pagamentos
PRJ04-ATV01;C1;Caracterização do problema;Análise;Analistas precisavam abrir três sistemas para explicar por que um lançamento estava pendente.;Pergunta: Como disponibilizar a trilha de conciliação às equipes autorizadas?;PRJ04-EV01;Observabilidade Financeira
PRJ04-ATV02;C1;Confronto com referência anterior;Análise;O catálogo fictício VIS-3 já fornece junção por correlation_id, mascaramento por perfil e filtros. Os três sistemas de origem emitem esse identificador.;Referências e recursos anteriores descritos no método.;PRJ04-EV06;Observabilidade Financeira
PRJ04-ATV03;C1;Especificação do mecanismo;Desenvolvimento;"Configurar consulta por correlation_id e máscara de campos conforme matriz de acesso. O perfil consulta recebe somente valor mascarado; o perfil conciliação recebe detalhe. Corrigir uma permissão excessiva no mapeamento do perfil.";"Mecanismo proposto ou configuração descrita; estado conforme documento.";PRJ04-EV05 | PRJ04-EV06;Observabilidade Financeira
PRJ04-ATV04;C2;Preparação dos cenários;Documentação;"Doze roteiros sobre três sistemas e dois perfis. A primeira matriz permitiu detalhe em um roteiro indevido; a segunda cumpriu os 12 resultados esperados.";"Entradas e populações documentadas no método; recortes identificados no arquivo de entradas.";PRJ04-EV05 | PRJ04-EV06 | PRJ04-EV12;Observabilidade Financeira
PRJ04-ATV05;C2;Registro de medições;Teste;"Arquivar medições por versão e cenário. Contadores de ocorrências são separados de medições escalares e histogramas; seu significado é dado pelo método.";Arquivo de medições organizado por ensaio e versão, com unidade indicada em cada registro.;PRJ04-EV08;Observabilidade Financeira
PRJ04-ATV06;C3;Análise de ocorrências;Análise;"correlation_id=SYN004; perfil=consulta";"matriz-v1 mostrou detalhe; matriz-v2 aplicou máscara";PRJ04-EV11;Observabilidade Financeira
PRJ04-ATV07;C3;Conferência dos resultados;Teste;"Calcular os indicadores a partir dos registros localizados; distinguir versões e denominadores.";"matriz-v1: roteiros conformes=11; matriz-v2: roteiros conformes=12";PRJ04-EV08 | PRJ04-EV09;Observabilidade Financeira
PRJ04-ATV08;C4;Consolidação técnica;Documentação;Verificação funcional de acesso e visualização. Não se investigou técnica nova de inferência ou reconstrução de trilha.;Limites e próxima ação registrados na data de corte.;PRJ04-EV07 | PRJ04-EV13;Observabilidade Financeira
PRJ05-ATV01;C1;Caracterização do problema;Análise;O formulário era perdido quando a conexão caía antes do envio.;Pergunta: Como salvar o avanço localmente sem deixar dados legíveis no aparelho?;PRJ05-EV01;Canais de Crédito
PRJ05-ATV02;C1;Confronto com referência anterior;Análise;"Banco local cifrado e chave por sessão eram conhecidos. O comparador BASE-OFF-1 usa uma chave persistente por perfil; a alternativa chave efêmera por formulário já conhecida perde recuperação após suspensão. O problema investigado é recuperar blocos após queda de rede e suspender acesso após troca de usuário, com transições concorrentes do processo.";Referências e recursos anteriores descritos no método.;PRJ05-EV06;Canais de Crédito
PRJ05-ATV03;C1;Especificação do mecanismo;Desenvolvimento;"Protótipo mantém blocos cifrados associados a época de sessão. Antes de trocar usuário, grava marcador de revogação e incrementa época; na retomada, aceita bloco apenas se época do cabeçalho coincide com a sessão e o marcador não o revoga. A hipótese combina recuperação de gravação parcial e invalidação lógica antes da remoção física da chave. Não envolve inventar cifra ou apresentar dados reais.";"Mecanismo proposto ou configuração descrita; estado conforme documento.";PRJ05-EV05 | PRJ05-EV06;Canais de Crédito
PRJ05-ATV04;C2;Preparação dos cenários;Documentação;24 roteiros em três pontos de queda de rede e duas trocas de sessão. Banco local recuperou 24, mas deixou dois roteiros de troca acessíveis ao usuário seguinte. Blocos por época recuperaram 24 e bloquearam leitura indevida nas oito trocas. Há oito testes de retomada por alternativa efêmera, dos quais seis perderam o formulário.;"Entradas e populações documentadas no método; recortes identificados no arquivo de entradas.";PRJ05-EV05 | PRJ05-EV06 | PRJ05-EV12;Canais de Crédito
PRJ05-ATV05;C2;Registro de medições;Teste;"Arquivar medições por versão e cenário. Contadores de ocorrências são separados de medições escalares e histogramas; seu significado é dado pelo método.";Arquivo de medições organizado por ensaio e versão, com unidade indicada em cada registro.;PRJ05-EV08;Canais de Crédito
PRJ05-ATV06;C3;Análise de ocorrências;Análise;"sessão A/época 7 suspensa; abre usuário B/época 8";"banco-v1 manteve duas leituras; epoca-v2 recusou época 7";PRJ05-EV11;Canais de Crédito
PRJ05-ATV07;C3;Conferência dos resultados;Teste;"Calcular os indicadores a partir dos registros localizados; distinguir versões e denominadores.";"banco-v1: formulários recuperados=24; banco-v1: trocas com leitura indevida=2; epoca-v2: formulários recuperados=24";PRJ05-EV08 | PRJ05-EV09;Canais de Crédito
PRJ05-ATV08;C4;Consolidação técnica;Documentação;O protocolo inclui uma hipótese sobre interrupção abrupta entre gravação do marcador e eliminação da chave. Corte de energia nessa janela não foi ensaiado. A evidência sustenta a investigação e a solução para quedas de rede, mas não a alegação de revogação em qualquer encerramento.;Limites e próxima ação registrados na data de corte.;PRJ05-EV07 | PRJ05-EV13;Canais de Crédito
PRJ06-ATV01;C1;Caracterização do problema;Análise;Duas versões da mesma proposta podiam ser alteradas offline por agente e cliente.;Pergunta: Como juntar as alterações sem sobrescrever silenciosamente uma informação mais recente?;PRJ06-EV01;Integração de Propostas
PRJ06-ATV02;C1;Confronto com referência anterior;Análise;"Última gravação vence ignora intenção; mesclagem de três vias preserva campos independentes, mas não a relação entre valor e anexo quando edições offline mudam ambos. Esses dois comparadores estão especificados e medidos.";Referências e recursos anteriores descritos no método.;PRJ06-EV06;Integração de Propostas
PRJ06-ATV03;C1;Especificação do mecanismo;Desenvolvimento;"Representar edição como (campo, versão-base, intenção, dependência). Mesclar operações de campos independentes; para valor e anexo, aceitar automaticamente somente se a versão-base do documento confirma o mesmo valor. Em conflito dependente, produzir duas alternativas preservadas para escolha humana. A incerteza era obter automação sem apagar a dependência semântica.";"Mecanismo proposto ou configuração descrita; estado conforme documento.";PRJ06-EV05 | PRJ06-EV06;Integração de Propostas
PRJ06-ATV04;C2;Preparação dos cenários;Documentação;"90 conflitos: 30 campos simples, 30 anexos e 30 listas. Mesmas versões iniciais e edições em todas as estratégias. O conjunto contém 16 conflitos dependentes que exigem decisão humana. Última gravação perde conteúdo em 11; mesclagem proposta resolve 74 e encaminha 16 sem perda silenciosa.";"Entradas e populações documentadas no método; recortes identificados no arquivo de entradas.";PRJ06-EV05 | PRJ06-EV06 | PRJ06-EV12;Integração de Propostas
PRJ06-ATV05;C2;Registro de medições;Teste;"Arquivar medições por versão e cenário. Contadores de ocorrências são separados de medições escalares e histogramas; seu significado é dado pelo método.";Arquivo de medições organizado por ensaio e versão, com unidade indicada em cada registro.;PRJ06-EV08;Integração de Propostas
PRJ06-ATV06;C3;Análise de ocorrências;Análise;"base valor=100/anexoA; agente altera valor=120; cliente troca anexoB para valor 100";"última gravação descartou intenção; dependencia-v3 abriu conflito";PRJ06-EV11;Integração de Propostas
PRJ06-ATV07;C3;Conferência dos resultados;Teste;"Calcular os indicadores a partir dos registros localizados; distinguir versões e denominadores.";"ultima-v1: conflitos com perda silenciosa=11; tresvias-v2: conflitos com perda silenciosa=5; dependencia-v3: conflitos resolvidos automaticamente=74";PRJ06-EV08 | PRJ06-EV09;Integração de Propostas
PRJ06-ATV08;C4;Consolidação técnica;Documentação;As listas ensaiadas contêm inserção e edição, mas não exclusão concorrente de item já referenciado por anexo. A hipótese de preservação dessa dependência permanece em aberto e integra a pretensão original.;Limites e próxima ação registrados na data de corte.;PRJ06-EV07 | PRJ06-EV13;Integração de Propostas
PRJ07-ATV01;C1;Caracterização do problema;Análise;A autenticação falhava em aparelhos com pouca memória e câmera de baixa resolução.;Pergunta: Como confirmar a sessão sem reduzir os controles contra reutilização de credenciais?;PRJ07-EV01;Segurança de Canais
PRJ07-ATV02;C1;Confronto com referência anterior;Análise;"Biblioteca completa e versão leve de quadro único já estavam disponíveis. A completa usa 82 MB no pico; a leve cabe no limite de 32 MB, mas não vincula retomada ao desafio anterior quando a rede cai.";Referências e recursos anteriores descritos no método.;PRJ07-EV06;Segurança de Canais
PRJ07-ATV03;C1;Especificação do mecanismo;Desenvolvimento;"Dividir captura, assinatura do transcript e envio. Cada etapa consome a anterior por nonce de uso único; assinatura cobre hash do transcript, época de sessão e contador da etapa. Retomar somente após confirmar consumo do último nonce; liberar buffers de imagem antes da assinatura. O problema era preservar vínculo entre etapas sob memória limitada e interrupção, não criar um algoritmo criptográfico.";"Mecanismo proposto ou configuração descrita; estado conforme documento.";PRJ07-EV05 | PRJ07-EV06;Segurança de Canais
PRJ07-ATV04;C2;Preparação dos cenários;Documentação;"300 sessões legítimas: três perfis de aparelho × quatro níveis de sinal × 25 sessões. Vinte replays em conjunto separado. Completa conclui 183/300, leve 255/300 e etapas 276/300; a leve aceita três replays e etapas nenhum dos 20.";"Entradas e populações documentadas no método; recortes identificados no arquivo de entradas.";PRJ07-EV05 | PRJ07-EV06 | PRJ07-EV12;Segurança de Canais
PRJ07-ATV05;C2;Registro de medições;Teste;"Arquivar medições por versão e cenário. Contadores de ocorrências são separados de medições escalares e histogramas; seu significado é dado pelo método.";Arquivo de medições organizado por ensaio e versão, com unidade indicada em cada registro.;PRJ07-EV08;Segurança de Canais
PRJ07-ATV06;C3;Análise de ocorrências;Análise;"nonce N3 já consumido; mesma assinatura retransmitida";etapas-v3 rejeitou pelo contador persistido;PRJ07-EV11;Segurança de Canais
PRJ07-ATV07;C3;Conferência dos resultados;Teste;"Calcular os indicadores a partir dos registros localizados; distinguir versões e denominadores.";"completa-v1: sessões concluídas=183; leve-v2: sessões concluídas=255; etapas-v3: sessões concluídas=276";PRJ07-EV08 | PRJ07-EV09;Segurança de Canais
PRJ07-ATV08;C4;Consolidação técnica;Documentação;"Não há teste de substituição do conteúdo entre captura e assinatura em processo comprometido. A conclusão anti-replay tem amostra delimitada; a pretensão de resistência a adulteração local ainda não foi validada.";Limites e próxima ação registrados na data de corte.;PRJ07-EV07 | PRJ07-EV13;Segurança de Canais
PRJ08-ATV01;C1;Caracterização do problema;Análise;A central descobria a indisponibilidade depois que a agência telefonava.;Pergunta: Como distinguir falta de rede local de falha do serviço central usando poucos sinais?;PRJ08-EV01;Operações de Agência
PRJ08-ATV02;C1;Confronto com referência anterior;Análise;Há um extrato de catálogo de sondas TCP/HTTP e uma topologia de três pontos. A equipe propôs distinguir enlace, aplicação e equipamento, mas não preservou uma regra de decisão executada.;Referências e recursos anteriores descritos no método.;PRJ08-EV06;Operações de Agência
PRJ08-ATV03;C1;Especificação do mecanismo;Desenvolvimento;Plano propõe comparar latência local, disponibilidade do endpoint e heartbeat. Documento de desenho contém tabela de combinações possíveis, sem limiares aprovados nem associação das medições a causas injetadas.;"Mecanismo proposto ou configuração descrita; estado conforme documento.";PRJ08-EV05 | PRJ08-EV06;Operações de Agência
PRJ08-ATV04;C2;Preparação dos cenários;Documentação;Seis medições de disponibilidade foram recuperadas com timestamps e origem. Nenhuma tem causa controlada ou saída do classificador. Um memorando de demonstração afirma três causas separadas, sem vincular o número a esses seis registros.;"Entradas e populações documentadas no método; recortes identificados no arquivo de entradas.";PRJ08-EV05 | PRJ08-EV06 | PRJ08-EV12;Operações de Agência
PRJ08-ATV05;C2;Registro de medições;Teste;"Arquivar medições por versão e cenário. Contadores de ocorrências são separados de medições escalares e histogramas; seu significado é dado pelo método.";Arquivo de medições organizado por ensaio e versão, com unidade indicada em cada registro.;PRJ08-EV08;Operações de Agência
PRJ08-ATV06;C3;Análise de ocorrências;Análise;"2025-03-10T10:00:00; origem=P1; TCP=timeout; HTTP=timeout";sem saída de classificador;PRJ08-EV11;Operações de Agência
PRJ08-ATV07;C3;Conferência dos resultados;Teste;"Calcular os indicadores a partir dos registros localizados; distinguir versões e denominadores.";sonda-v1: medições recuperadas (contagem de entrega, não desempenho)=6;PRJ08-EV08 | PRJ08-EV09;Operações de Agência
PRJ08-ATV08;C4;Consolidação técnica;Documentação;Faltam versão do classificador, causas de referência e decisões por evento. Os registros sintéticos documentam a coleta, mas não o resultado alegado de classificação.;Limites e próxima ação registrados na data de corte.;PRJ08-EV07 | PRJ08-EV13;Operações de Agência
PRJ09-ATV01;C1;Caracterização do problema;Análise;Uma nova versão de mensagem não podia interromper chamadas ainda válidas na versão anterior.;Pergunta: Como manter duas versões de API durante a migração dos canais?;PRJ09-EV01;Arquitetura de APIs
PRJ09-ATV02;C1;Confronto com referência anterior;Análise;O manual fictício GATE-4 define roteamento por cabeçalho api_version, transformação de campos e validação por contratos. A receita de coexistência é anterior à equipe.;Referências e recursos anteriores descritos no método.;PRJ09-EV06;Arquitetura de APIs
PRJ09-ATV03;C1;Especificação do mecanismo;Desenvolvimento;"Cadastrar rotas v1/v2 e mapear campo total_centavos para total_decimal dividindo por 100; preservar campos obrigatórios. Ajustar escopo de permissão do conector, sem modificar motor de roteamento.";"Mecanismo proposto ou configuração descrita; estado conforme documento.";PRJ09-EV05 | PRJ09-EV06;Arquitetura de APIs
PRJ09-ATV04;C2;Preparação dos cenários;Documentação;"Vinte contratos por versão, 40 ao todo. Uma permissão incorreta na primeira rodada bloqueou dois contratos; todos passaram após correção.";"Entradas e populações documentadas no método; recortes identificados no arquivo de entradas.";PRJ09-EV05 | PRJ09-EV06 | PRJ09-EV12;Arquitetura de APIs
PRJ09-ATV05;C2;Registro de medições;Teste;"Arquivar medições por versão e cenário. Contadores de ocorrências são separados de medições escalares e histogramas; seu significado é dado pelo método.";Arquivo de medições organizado por ensaio e versão, com unidade indicada em cada registro.;PRJ09-EV08;Arquitetura de APIs
PRJ09-ATV06;C3;Análise de ocorrências;Análise;"api_version=v1; total_centavos=12345";transformação configurada conforme mapa;PRJ09-EV11;Arquitetura de APIs
PRJ09-ATV07;C3;Conferência dos resultados;Teste;"Calcular os indicadores a partir dos registros localizados; distinguir versões e denominadores.";"rotas-v1: contratos aprovados=38; rotas-v2: contratos aprovados=40";PRJ09-EV08 | PRJ09-EV09;Arquitetura de APIs
PRJ09-ATV08;C4;Consolidação técnica;Documentação;O termo adaptativo no título comercial se refere à escolha de rota por versão. Não há inferência ou técnica nova de adaptação.;Limites e próxima ação registrados na data de corte.;PRJ09-EV07 | PRJ09-EV13;Arquitetura de APIs
PRJ10-ATV01;C1;Caracterização do problema;Análise;O cliente podia iniciar a autorização no aplicativo e concluir no internet banking.;Pergunta: Como manter um único estado de consentimento durante a troca de canal?;PRJ10-EV01;Open Finance
PRJ10-ATV02;C1;Confronto com referência anterior;Análise;O fluxo de consentimento prevê iniciar no aplicativo e cancelar no portal. Existe diagrama com autorização, revogação e expiração, mas nenhuma tabela de precedência de eventos concorrentes aprovada.;Referências e recursos anteriores descritos no método.;PRJ10-EV06;Open Finance
PRJ10-ATV03;C1;Especificação do mecanismo;Desenvolvimento;Minuta da máquina de estados lista iniciar→pendente→autorizado e revogar→revogado. Não define empate entre confirmação e revogação, relógio de referência ou política de idempotência.;"Mecanismo proposto ou configuração descrita; estado conforme documento.";PRJ10-EV05 | PRJ10-EV06;Open Finance
PRJ10-ATV04;C2;Preparação dos cenários;Documentação;"Foram entregues oito eventos sintéticos de navegação e o diagrama. Quatro eventos têm um identificador de sessão e quatro não; nenhum contém a decisão de estado retornada pelo serviço. O memorando afirma redução de divergências sem preservar o antes/depois.";"Entradas e populações documentadas no método; recortes identificados no arquivo de entradas.";PRJ10-EV05 | PRJ10-EV06 | PRJ10-EV12;Open Finance
PRJ10-ATV05;C2;Registro de medições;Teste;"Arquivar medições por versão e cenário. Contadores de ocorrências são separados de medições escalares e histogramas; seu significado é dado pelo método.";Arquivo de medições organizado por ensaio e versão, com unidade indicada em cada registro.;PRJ10-EV08;Open Finance
PRJ10-ATV06;C3;Análise de ocorrências;Análise;"sessão S01: confirmar app 10:00:01; revogar portal 10:00:01";estado final ausente;PRJ10-EV11;Open Finance
PRJ10-ATV07;C3;Conferência dos resultados;Teste;"Calcular os indicadores a partir dos registros localizados; distinguir versões e denominadores.";eventos-v1: eventos com sessão identificada (contagem de entrega, não desempenho)=4;PRJ10-EV08 | PRJ10-EV09;Open Finance
PRJ10-ATV08;C4;Consolidação técnica;Documentação;Faltam versão executada, ordem causal confiável e saídas de estado. O diagrama por si só não prova execução do mecanismo proposto.;Limites e próxima ação registrados na data de corte.;PRJ10-EV07 | PRJ10-EV13;Open Finance
PRJ11-ATV01;C1;Caracterização do problema;Análise;Instituições enviavam categorias semelhantes com códigos e níveis de detalhe diferentes.;Pergunta: Como padronizar registros de contas recebidos de fontes diferentes?;PRJ11-EV01;Governança de Dados
PRJ11-ATV02;C1;Confronto com referência anterior;Análise;"O dicionário fictício DIC-11/v3 antecede o projeto: tipo CC→corrente, PP→poupança; data ISO; valor ausente permanece nulo; origem desconhecida é rejeitada.";Referências e recursos anteriores descritos no método.;PRJ11-EV06;Governança de Dados
PRJ11-ATV03;C1;Especificação do mecanismo;Desenvolvimento;Aplicar mapeamento por origem e validar tipo, domínio e ausência. Não inferir categorias nem estimar valores. Corrigir três cadastros de origem e repetir a mesma carga.;"Mecanismo proposto ou configuração descrita; estado conforme documento.";PRJ11-EV05 | PRJ11-EV06;Governança de Dados
PRJ11-ATV04;C2;Preparação dos cenários;Documentação;"Cem registros sintéticos de duas origens; três rejeições por código fora do dicionário na primeira passagem. Após correção cadastral, 100 conformes.";"Entradas e populações documentadas no método; recortes identificados no arquivo de entradas.";PRJ11-EV05 | PRJ11-EV06 | PRJ11-EV12;Governança de Dados
PRJ11-ATV05;C2;Registro de medições;Teste;"Arquivar medições por versão e cenário. Contadores de ocorrências são separados de medições escalares e histogramas; seu significado é dado pelo método.";Arquivo de medições organizado por ensaio e versão, com unidade indicada em cada registro.;PRJ11-EV08;Governança de Dados
PRJ11-ATV06;C3;Análise de ocorrências;Análise;"origem A; tipo CC; saldo ausente";mapeado pelo DIC-11/v3;PRJ11-EV11;Governança de Dados
PRJ11-ATV07;C3;Conferência dos resultados;Teste;"Calcular os indicadores a partir dos registros localizados; distinguir versões e denominadores.";"carga-v1: registros conformes=97; carga-v2: registros conformes=100";PRJ11-EV08 | PRJ11-EV09;Governança de Dados
PRJ11-ATV08;C4;Consolidação técnica;Documentação;O escopo é conformidade com dicionário aprovado. Nenhum novo método de normalização foi proposto ou testado.;Limites e próxima ação registrados na data de corte.;PRJ11-EV07 | PRJ11-EV13;Governança de Dados
PRJ12-ATV01;C1;Caracterização do problema;Análise;As credenciais de teste eram renovadas em ritmos diferentes por parceiro.;Pergunta: Como integrar os parceiros ao cofre de chaves contratado?;PRJ12-EV01;Segurança de Integrações
PRJ12-ATV02;C1;Confronto com referência anterior;Análise;O cofre fictício COF-2 permite referência simbólica à versão, chave ativa e anterior, e coexistência durante rotação. O manual recomenda janela maior que o atraso máximo dos conectores.;Referências e recursos anteriores descritos no método.;PRJ12-EV06;Segurança de Integrações
PRJ12-ATV03;C1;Especificação do mecanismo;Desenvolvimento;Configurar referências KEY-SINT-V1/V2, sem conteúdo de chave. Ampliar janela de coexistência de 30 para 120 segundos diante de atraso de 70 segundos no conector. Aplicar receita do fornecedor.;"Mecanismo proposto ou configuração descrita; estado conforme documento.";PRJ12-EV05 | PRJ12-EV06;Segurança de Integrações
PRJ12-ATV04;C2;Preparação dos cenários;Documentação;Dezoito roteiros de cifração, decifração e rotação em três conectores. Duas falhas com janela curta e 18 aprovações depois do ajuste.;"Entradas e populações documentadas no método; recortes identificados no arquivo de entradas.";PRJ12-EV05 | PRJ12-EV06 | PRJ12-EV12;Segurança de Integrações
PRJ12-ATV05;C2;Registro de medições;Teste;"Arquivar medições por versão e cenário. Contadores de ocorrências são separados de medições escalares e histogramas; seu significado é dado pelo método.";Arquivo de medições organizado por ensaio e versão, com unidade indicada em cada registro.;PRJ12-EV08;Segurança de Integrações
PRJ12-ATV06;C3;Análise de ocorrências;Análise;"conector C2 retorna após 70 s; token simbólico V1";"janela30-v1 negou; janela120-v2 aceitou";PRJ12-EV11;Segurança de Integrações
PRJ12-ATV07;C3;Conferência dos resultados;Teste;"Calcular os indicadores a partir dos registros localizados; distinguir versões e denominadores.";"janela30-v1: roteiros aprovados=16; janela120-v2: roteiros aprovados=18";PRJ12-EV08 | PRJ12-EV09;Segurança de Integrações
PRJ12-ATV08;C4;Consolidação técnica;Documentação;Não há criação de primitiva criptográfica, protocolo de rotação ou investigação de problema sem solução conhecida.;Limites e próxima ação registrados na data de corte.;PRJ12-EV07 | PRJ12-EV13;Segurança de Integrações
PRJ13-ATV01;C1;Caracterização do problema;Análise;Regras fixas geravam muitos alertas para clientes sazonais.;Pergunta: Como comparar cada transação com o comportamento recente sem penalizar mudanças legítimas?;PRJ13-EV01;Prevenção a Fraude
PRJ13-ATV02;C1;Confronto com referência anterior;Análise;Limite fixo, perfil mensal e atualização exponencial contínua são conhecidos. Na sequência estudada, a atualização contínua incorpora eventos ainda não revisados e desloca o perfil em direção a ataques persistentes.;Referências e recursos anteriores descritos no método.;PRJ13-EV06;Prevenção a Fraude
PRJ13-ATV03;C1;Especificação do mecanismo;Desenvolvimento;"Manter centro e dispersão robustos por segmento. Eventos alertados entram em quarentena; só atualizar o perfil após confirmação de legitimidade. Abrir nova faixa sazonal quando a mudança persiste por três janelas sem aumento de rótulos fraudulentos. Usar faixa de confiança de 2,5 desvios nos segmentos frequentes e 3,0 nos dois segmentos escassos, definidos na preparação. A hipótese é distinguir mudança legítima e contaminação sem perder sensibilidade.";"Mecanismo proposto ou configuração descrita; estado conforme documento.";PRJ13-EV05 | PRJ13-EV06;Prevenção a Fraude
PRJ13-ATV04;C2;Preparação dos cenários;Documentação;"40 mil transações: 36 mil legítimas e quatro mil fraudes, distribuídas igualmente em quatro deslocamentos sazonais. Comparar limite fixo, perfil mensal, atualização contínua e atualização condicionada. Todos usam mesma ordem, rótulos e corte temporal; rótulo só é disponibilizado ao atualizador após atraso de 20 eventos. Critérios prévios: falso alerta ≤ 4% nas legítimas e sensibilidade>90% em cada deslocamento.";"Entradas e populações documentadas no método; recortes identificados no arquivo de entradas.";PRJ13-EV05 | PRJ13-EV06 | PRJ13-EV12;Prevenção a Fraude
PRJ13-ATV05;C2;Registro de medições;Teste;"Arquivar medições por versão e cenário. Contadores de ocorrências são separados de medições escalares e histogramas; seu significado é dado pelo método.";Arquivo de medições organizado por ensaio e versão, com unidade indicada em cada registro.;PRJ13-EV08;Prevenção a Fraude
PRJ13-ATV06;C3;Análise de ocorrências;Análise;"evento T900; valor alto; alerta pendente; resposta humana ainda indisponível";"continuo-v3 incorporou; condicionado-v4 colocou em quarentena";PRJ13-EV11;Prevenção a Fraude
PRJ13-ATV07;C3;Conferência dos resultados;Teste;"Calcular os indicadores a partir dos registros localizados; distinguir versões e denominadores.";"fixo-v1: falsos alertas entre legítimas=2.808; mensal-v2: falsos alertas entre legítimas=1.980; continuo-v3: falsos alertas entre legítimas=1.440";PRJ13-EV08 | PRJ13-EV09;Prevenção a Fraude
PRJ13-ATV08;C4;Consolidação técnica;Documentação;A documentação permite reconstruir as contagens nos quatro deslocamentos sintéticos. Não se reivindica validade para distribuições externas.;Limites e próxima ação registrados na data de corte.;PRJ13-EV07 | PRJ13-EV13;Prevenção a Fraude
PRJ14-ATV01;C1;Caracterização do problema;Análise;Fraudes coordenadas apareciam como várias operações pequenas e isoladamente comuns.;Pergunta: Como identificar a coordenação sem conhecer previamente o formato do golpe?;PRJ14-EV01;Inteligência Antifraude
PRJ14-ATV02;C1;Confronto com referência anterior;Análise;"Pontuação individual e grafo temporal com expiração fixa foram especificados como comparadores. O primeiro ignora vínculos; o segundo apaga a cadeia quando contas alternam destinos perto do fim da janela.";Referências e recursos anteriores descritos no método.;PRJ14-EV06;Inteligência Antifraude
PRJ14-ATV03;C1;Especificação do mecanismo;Desenvolvimento;Representar aresta por evento e predecessores causais. Manter aresta enquanto houver descendente confirmado dentro do horizonte de 15 minutos, com teto absoluto de 45 minutos. Fechar componente ao perder continuidade causal. Pontuar recorrência de caminho e redistribuição de destinos, sem usar nome da conta como rótulo. Testar se esse ciclo de vida recupera campanhas perdidas pela expiração fixa, sem ultrapassar 25 alertas adicionais por lote.;"Mecanismo proposto ou configuração descrita; estado conforme documento.";PRJ14-EV05 | PRJ14-EV06;Inteligência Antifraude
PRJ14-ATV04;C2;Preparação dos cenários;Documentação;"14 campanhas em 120 mil eventos normais. Três alternativas na mesma sequência; verdade de referência antes da comparação. Pontuação individual detecta seis campanhas, temporal nove e causal treze. Os 22 alertas adicionais do causal frente ao individual incluem sete verdadeiros de campanhas distintas recuperadas e 15 falsos.";"Entradas e populações documentadas no método; recortes identificados no arquivo de entradas.";PRJ14-EV05 | PRJ14-EV06 | PRJ14-EV12;Inteligência Antifraude
PRJ14-ATV05;C2;Registro de medições;Teste;"Arquivar medições por versão e cenário. Contadores de ocorrências são separados de medições escalares e histogramas; seu significado é dado pelo método.";Arquivo de medições organizado por ensaio e versão, com unidade indicada em cada registro.;PRJ14-EV08;Inteligência Antifraude
PRJ14-ATV06;C3;Análise de ocorrências;Análise;"A→B t=0; B→C t=14 min; C→D t=21 min; vínculo causal confirmado";"temporal expira A→B; causal mantém até encerrar descendentes";PRJ14-EV11;Inteligência Antifraude
PRJ14-ATV07;C3;Conferência dos resultados;Teste;"Calcular os indicadores a partir dos registros localizados; distinguir versões e denominadores.";"individual-v1: campanhas detectadas=6; temporal-v2: campanhas detectadas=9; causal-v3: campanhas detectadas=13";PRJ14-EV08 | PRJ14-EV09;Inteligência Antifraude
PRJ14-ATV08;C4;Consolidação técnica;Documentação;Capacidade de revisão prevista é 25 alertas adicionais por lote. O experimento cobre 14 campanhas, não todo tipo de golpe.;Limites e próxima ação registrados na data de corte.;PRJ14-EV07 | PRJ14-EV13;Inteligência Antifraude
PRJ15-ATV01;C1;Caracterização do problema;Análise;Analistas recebiam uma pontuação sem saber quais fatos sustentavam o alerta.;Pergunta: Como gerar uma explicação fiel ao cálculo e curta o bastante para a fila de análise?;PRJ15-EV01;Operações de Alertas
PRJ15-ATV02;C1;Confronto com referência anterior;Análise;Texto padrão e lista dos maiores fatores explicavam valores presentes ao final da análise, que podiam diferir dos usados na decisão após enriquecimento tardio.;Referências e recursos anteriores descritos no método.;PRJ15-EV06;Operações de Alertas
PRJ15-ATV03;C1;Especificação do mecanismo;Desenvolvimento;Capturar snapshot de versão e fatos efetivamente consumidos em cada regra. Construir explicação apenas das dependências que contribuíram ao caminho escolhido, com referência ao snapshot, nunca ao cadastro mais recente. Ao reavaliar, abrir nova trilha com parent_id da anterior. Confrontar cada explicação com replay da mesma versão do motor.;"Mecanismo proposto ou configuração descrita; estado conforme documento.";PRJ15-EV05 | PRJ15-EV06;Operações de Alertas
PRJ15-ATV04;C2;Preparação dos cenários;Documentação;"80 alertas; versões rastro-v1 e rastro-v2 confrontadas com replay. Dois enriquecimentos tardios divergiram em rastro-v1; em rastro-v2 os 80 correspondem. Vinte analistas sintéticos A01–A20: cada um lê quatro alertas por método; permutação de ordem contrabalançada consta na configuração e nos registros de leitura. Medianas de 80 tempos por método: 6,4 e 4,1 minutos.";"Entradas e populações documentadas no método; recortes identificados no arquivo de entradas.";PRJ15-EV05 | PRJ15-EV06 | PRJ15-EV12;Operações de Alertas
PRJ15-ATV05;C2;Registro de medições;Teste;"Arquivar medições por versão e cenário. Contadores de ocorrências são separados de medições escalares e histogramas; seu significado é dado pelo método.";Arquivo de medições organizado por ensaio e versão, com unidade indicada em cada registro.;PRJ15-EV08;Operações de Alertas
PRJ15-ATV06;C3;Análise de ocorrências;Análise;"alerta A17; decisão d1 usa renda=100; enriquecimento posterior=120";"rastro-v1 citou 120; rastro-v2 recuperou snapshot d1";PRJ15-EV11;Operações de Alertas
PRJ15-ATV07;C3;Conferência dos resultados;Teste;"Calcular os indicadores a partir dos registros localizados; distinguir versões e denominadores.";"rastro-v1: alertas fiéis ao replay=78; rastro-v2: alertas fiéis ao replay=80; texto-v3: tempo de revisão=6,4";PRJ15-EV08 | PRJ15-EV09;Operações de Alertas
PRJ15-ATV08;C4;Consolidação técnica;Documentação;O resultado mede fidelidade ao cálculo e tempo de revisão, não qualidade do juízo de crédito ou consenso entre analistas reais.;Limites e próxima ação registrados na data de corte.;PRJ15-EV07 | PRJ15-EV13;Operações de Alertas
PRJ16-ATV01;C1;Caracterização do problema;Análise;Os testes usuais não reproduziam tentativas coordenadas com atraso e mudança de dispositivo.;Pergunta: Como repetir um ataque complexo sem enviar transações a ambientes reais?;PRJ16-EV01;Laboratório de Segurança
PRJ16-ATV02;C1;Confronto com referência anterior;Análise;Roteiro manual e replay por tempo de captura reproduzem requisições, mas podem inverter precedência quando a troca de dispositivo altera o atraso de processamento.;Referências e recursos anteriores descritos no método.;PRJ16-EV06;Laboratório de Segurança
PRJ16-ATV03;C1;Especificação do mecanismo;Desenvolvimento;"Grafo acíclico com eventos e dependências; fila de prontos ordenada por (tempo lógico, sequência da origem, ID do evento). Um relógio virtual de injeção controla atrasos, sem substituir o relógio interno do serviço. Só liberar evento depois dos predecessores confirmados. Empates são resolvidos por sequência/ID, correção documentada em causal-v3.";"Mecanismo proposto ou configuração descrita; estado conforme documento.";PRJ16-EV05 | PRJ16-EV06;Laboratório de Segurança
PRJ16-ATV04;C2;Preparação dos cenários;Documentação;"32 ataques com cinco repetições cada, total 160. Manual, replay e gerador causal com mesma matriz de entrada. Critério: ordem parcial válida e estado terminal equivalente. Duas falhas intermitentes são identificadas por cenário e reproduzidas nas cinco repetições; não significam duas falhas em cada execução.";"Entradas e populações documentadas no método; recortes identificados no arquivo de entradas.";PRJ16-EV05 | PRJ16-EV06 | PRJ16-EV12;Laboratório de Segurança
PRJ16-ATV05;C2;Registro de medições;Teste;"Arquivar medições por versão e cenário. Contadores de ocorrências são separados de medições escalares e histogramas; seu significado é dado pelo método.";Arquivo de medições organizado por ensaio e versão, com unidade indicada em cada registro.;PRJ16-EV08;Laboratório de Segurança
PRJ16-ATV06;C3;Análise de ocorrências;Análise;"E3 trocar dispositivo→E5 confirmar; E3/E5 com mesmo tempo lógico";causal-v3 aguardou predecessor e usou sequência de origem no empate;PRJ16-EV11;Laboratório de Segurança
PRJ16-ATV07;C3;Conferência dos resultados;Teste;"Calcular os indicadores a partir dos registros localizados; distinguir versões e denominadores.";"manual-v1: execuções com ordem e estado preservados=128; replay-v2: execuções com ordem e estado preservados=143; causal-v3: execuções com ordem e estado preservados=160";PRJ16-EV08 | PRJ16-EV09;Laboratório de Segurança
PRJ16-ATV08;C4;Consolidação técnica;Documentação;"O pacote contém grafo de exemplo, regra de ordenação, configuração e registros por cenário. Não inclui ambiente de integração; a transferência é da especificação e dos resultados sintéticos.";Limites e próxima ação registrados na data de corte.;PRJ16-EV07 | PRJ16-EV13;Laboratório de Segurança
PRJ17-ATV01;C1;Caracterização do problema;Análise;Uma mudança de regra podia afetar grupos de propostas de forma difícil de prever.;Pergunta: Como testar uma política nova sem alterar decisões em produção?;PRJ17-EV01;Risco de Crédito
PRJ17-ATV02;C1;Confronto com referência anterior;Análise;O plano contrapõe política vigente e política candidata, mas as regras são identificadas apenas como antiga/nova. Não há tabelas de limiares nem versão assinada para nenhuma.;Referências e recursos anteriores descritos no método.;PRJ17-EV06;Risco de Crédito
PRJ17-ATV03;C1;Especificação do mecanismo;Desenvolvimento;Diagrama propõe duplicar uma proposta, executar duas políticas sem emitir contrato e comparar aprovação. Não define se o motor foi alterado ou se eram parâmetros do simulador comercial.;"Mecanismo proposto ou configuração descrita; estado conforme documento.";PRJ17-EV05 | PRJ17-EV06;Risco de Crédito
PRJ17-ATV04;C2;Preparação dos cenários;Documentação;"Há seis propostas sintéticas com renda e comprometimento e um memorando de demonstração que afirma impacto diferente. Não há decisões pareadas nem versão das políticas; as seis propostas não têm vínculo com a demonstração.";"Entradas e populações documentadas no método; recortes identificados no arquivo de entradas.";PRJ17-EV05 | PRJ17-EV06 | PRJ17-EV12;Risco de Crédito
PRJ17-ATV05;C2;Registro de medições;Teste;"Arquivar medições por versão e cenário. Contadores de ocorrências são separados de medições escalares e histogramas; seu significado é dado pelo método.";Arquivo de medições organizado por ensaio e versão, com unidade indicada em cada registro.;PRJ17-EV08;Risco de Crédito
PRJ17-ATV06;C3;Análise de ocorrências;Análise;"proposta P01; renda=100; comprometimento=0,35";decisões ausentes;PRJ17-EV11;Risco de Crédito
PRJ17-ATV07;C3;Conferência dos resultados;Teste;"Calcular os indicadores a partir dos registros localizados; distinguir versões e denominadores.";entrada-v1: propostas recuperadas (contagem de entrega, não desempenho)=6;PRJ17-EV08 | PRJ17-EV09;Risco de Crédito
PRJ17-ATV08;C4;Consolidação técnica;Documentação;Sem regras e saídas não se avalia diferença técnica ou o número alegado. Os arquivos de entrada existentes não completam a cadeia.;Limites e próxima ação registrados na data de corte.;PRJ17-EV07 | PRJ17-EV13;Risco de Crédito
PRJ18-ATV01;C1;Caracterização do problema;Análise;Regras encadeadas produziam decisões corretas, mas difíceis de explicar depois.;Pergunta: Como registrar o caminho da decisão sem elevar demais o tempo de resposta?;PRJ18-EV01;Motores de Decisão
PRJ18-ATV02;C1;Confronto com referência anterior;Análise;"Log integral preserva fatos mas amplia latência; amostragem periódica perde mudanças de estado entre pontos. Ambos foram comparados na mesma carga, com o mesmo motor e regra de explicação.";Referências e recursos anteriores descritos no método.;PRJ18-EV06;Motores de Decisão
PRJ18-ATV03;C1;Especificação do mecanismo;Desenvolvimento;"Emitir registro quando muda o estado lógico de regra, incluindo snapshot de fatos e ponteiro para predecessor; coalescer leituras sem mudança. A hipótese é conservar dependências decisórias com menos escrita. A versão seletiva ainda perde o predecessor quando um callback tardio chega após a coalescência.";"Mecanismo proposto ou configuração descrita; estado conforme documento.";PRJ18-EV05 | PRJ18-EV06;Motores de Decisão
PRJ18-ATV04;C2;Preparação dos cenários;Documentação;"50 mil decisões, quatro perfis. Log integral explica 100% com acréscimo de 24% na latência média; amostragem explica 82% com 3%; seletivo explica 96% com 7%. Critério prévio pretendia explicação de 100% e aumento de latência ≤ 10%. Os 2.000 casos sem trilha completa permanecem identificados por perfil.";"Entradas e populações documentadas no método; recortes identificados no arquivo de entradas.";PRJ18-EV05 | PRJ18-EV06 | PRJ18-EV12;Motores de Decisão
PRJ18-ATV05;C2;Registro de medições;Teste;"Arquivar medições por versão e cenário. Contadores de ocorrências são separados de medições escalares e histogramas; seu significado é dado pelo método.";Arquivo de medições organizado por ensaio e versão, com unidade indicada em cada registro.;PRJ18-EV08;Motores de Decisão
PRJ18-ATV06;C3;Análise de ocorrências;Análise;"R1 muda pendente→aceita; R2 apenas relê fato";seletivo emite R1 e reutiliza snapshot em R2;PRJ18-EV11;Motores de Decisão
PRJ18-ATV07;C3;Conferência dos resultados;Teste;"Calcular os indicadores a partir dos registros localizados; distinguir versões e denominadores.";"integral-v1: decisões com trilha completa=50.000; amostra-v2: decisões com trilha completa=41.000; seletivo-v3: decisões com trilha completa=48.000";PRJ18-EV08 | PRJ18-EV09;Motores de Decisão
PRJ18-ATV08;C4;Consolidação técnica;Documentação;"O tratamento de callback tardio segue aberto; o protótipo não satisfaz a exigência de explicação integral. A cronologia identifica as versões e o critério da rodada.";Limites e próxima ação registrados na data de corte.;PRJ18-EV07 | PRJ18-EV13;Motores de Decisão
PRJ19-ATV01;C1;Caracterização do problema;Análise;Comprovantes fotografados chegavam tortos, com sombra ou parte do texto cortada.;Pergunta: Como extrair campos de documentos de produtores com revisão humana?;PRJ19-EV01;Automação Documental
PRJ19-ATV02;C1;Confronto com referência anterior;Análise;O produto fictício OCR-5 já oferece correção de inclinação, extração de campos e fila humana abaixo do limiar de confiança. O manual define uso desse limiar.;Referências e recursos anteriores descritos no método.;PRJ19-EV06;Automação Documental
PRJ19-ATV03;C1;Especificação do mecanismo;Desenvolvimento;Aplicar OCR contratado, mapear campos previstos e fixar limiar 0,85. Imagens cortadas ou abaixo desse valor vão à revisão humana. Não treinar modelo nem alterar pré-processador.;"Mecanismo proposto ou configuração descrita; estado conforme documento.";PRJ19-EV05 | PRJ19-EV06;Automação Documental
PRJ19-ATV04;C2;Preparação dos cenários;Documentação;Trinta imagens sintéticas: 20 legíveis, cinco com corte e cinco com sombra forte. Extrair campos das 20 legíveis e enviar as dez restantes à fila.;"Entradas e populações documentadas no método; recortes identificados no arquivo de entradas.";PRJ19-EV05 | PRJ19-EV06 | PRJ19-EV12;Automação Documental
PRJ19-ATV05;C2;Registro de medições;Teste;"Arquivar medições por versão e cenário. Contadores de ocorrências são separados de medições escalares e histogramas; seu significado é dado pelo método.";Arquivo de medições organizado por ensaio e versão, com unidade indicada em cada registro.;PRJ19-EV08;Automação Documental
PRJ19-ATV06;C3;Análise de ocorrências;Análise;"imagem IMG03; confiança=0,93; campos completos";produto extraiu campos;PRJ19-EV11;Automação Documental
PRJ19-ATV07;C3;Conferência dos resultados;Teste;"Calcular os indicadores a partir dos registros localizados; distinguir versões e denominadores.";"ocr-conf85-v1: imagens legíveis com campos extraídos=20; ocr-conf85-v1: imagens duvidosas encaminhadas=10";PRJ19-EV08 | PRJ19-EV09;Automação Documental
PRJ19-ATV08;C4;Consolidação técnica;Documentação;As verificações são de aceite do produto e de sua fila de exceções. Não demonstram desenvolvimento de outro método de leitura.;Limites e próxima ação registrados na data de corte.;PRJ19-EV07 | PRJ19-EV13;Automação Documental
PRJ20-ATV01;C1;Caracterização do problema;Análise;A troca total do motor criaria risco operacional durante a safra.;Pergunta: Como comparar decisões dos dois motores sem duplicar contratos ou registros oficiais?;PRJ20-EV01;Crédito Rural
PRJ20-ATV02;C1;Confronto com referência anterior;Análise;A plataforma fictícia SIM-4 oferece modo sombra, duplicação da solicitação, supressão de efeitos e comparação de saídas. O manual anterior prevê especificamente que apenas o motor principal emita contratos.;Referências e recursos anteriores descritos no método.;PRJ20-EV06;Crédito Rural
PRJ20-ATV03;C1;Especificação do mecanismo;Desenvolvimento;"Ativar shadow=true, write_side_effects=false e comparar campos decisao e motivo. Selecionar divergências para revisão de negócio. As regras e o mecanismo de isolamento foram fornecidos pela plataforma; não houve alteração do comparador ou hipótese sobre mecanismo novo.";"Mecanismo proposto ou configuração descrita; estado conforme documento.";PRJ20-EV05 | PRJ20-EV06;Crédito Rural
PRJ20-ATV04;C2;Preparação dos cenários;Documentação;"18 mil propostas idênticas enviadas aos dois motores. 430 divergências correspondem às diferenças de política cadastradas; zero contratos emitidos pelo motor sombra. O roteiro verifica configuração e equivalência de entradas.";"Entradas e populações documentadas no método; recortes identificados no arquivo de entradas.";PRJ20-EV05 | PRJ20-EV06 | PRJ20-EV12;Crédito Rural
PRJ20-ATV05;C2;Registro de medições;Teste;"Arquivar medições por versão e cenário. Contadores de ocorrências são separados de medições escalares e histogramas; seu significado é dado pelo método.";Arquivo de medições organizado por ensaio e versão, com unidade indicada em cada registro.;PRJ20-EV08;Crédito Rural
PRJ20-ATV06;C3;Análise de ocorrências;Análise;"P001; política antiga limite=50; nova limite=60; valor=55";"principal negou; sombra aprovou; emissão desabilitada";PRJ20-EV11;Crédito Rural
PRJ20-ATV07;C3;Conferência dos resultados;Teste;"Calcular os indicadores a partir dos registros localizados; distinguir versões e denominadores.";"sombra-v1: propostas com decisão divergente=430; sombra-v1: contratos emitidos pelo motor sombra=0";PRJ20-EV08 | PRJ20-EV09;Crédito Rural
PRJ20-ATV08;C4;Consolidação técnica;Documentação;Resultados não demonstram avanço tecnológico. Executar novamente pode ampliar confiança operacional, mas não transforma a configuração documentada em pesquisa.;Limites e próxima ação registrados na data de corte.;PRJ20-EV07 | PRJ20-EV13;Crédito Rural
PRJ21-ATV01;C1;Caracterização do problema;Análise;Um serviço lento consumia as conexões disponíveis dos demais serviços.;Pergunta: Como configurar isolamento de dependências lentas no gateway de serviços?;PRJ21-EV01;Plataforma de Serviços
PRJ21-ATV02;C1;Confronto com referência anterior;Análise;O runbook fictício GW-7 já descreve circuit breaker, limite de concorrência e fila por dependência. A configuração é escolhida dentro das faixas documentadas.;Referências e recursos anteriores descritos no método.;PRJ21-EV06;Plataforma de Serviços
PRJ21-ATV03;C1;Especificação do mecanismo;Desenvolvimento;"Configurar três serviços com concorrência 20, 10 e 15; abertura após cinco falhas em dez requisições; reabertura de teste em 30 segundos. No serviço S2, ajustar abertura de três para cinco falhas porque o limiar inicial antecipava o bloqueio.";"Mecanismo proposto ou configuração descrita; estado conforme documento.";PRJ21-EV05 | PRJ21-EV06;Plataforma de Serviços
PRJ21-ATV04;C2;Preparação dos cenários;Documentação;"Nove roteiros, três por serviço: carga normal, lentidão e recuperação. config-v1 falhou no roteiro S2/normal; config-v2 cumpriu todos. O mecanismo de isolamento é o implementado no gateway.";"Entradas e populações documentadas no método; recortes identificados no arquivo de entradas.";PRJ21-EV05 | PRJ21-EV06 | PRJ21-EV12;Plataforma de Serviços
PRJ21-ATV05;C2;Registro de medições;Teste;"Arquivar medições por versão e cenário. Contadores de ocorrências são separados de medições escalares e histogramas; seu significado é dado pelo método.";Arquivo de medições organizado por ensaio e versão, com unidade indicada em cada registro.;PRJ21-EV08;Plataforma de Serviços
PRJ21-ATV06;C3;Análise de ocorrências;Análise;"S2; três falhas transitórias em dez chamadas";"config-v1 abriu; config-v2 permaneceu disponível";PRJ21-EV11;Plataforma de Serviços
PRJ21-ATV07;C3;Conferência dos resultados;Teste;"Calcular os indicadores a partir dos registros localizados; distinguir versões e denominadores.";"config-v1: roteiros conformes=8; config-v2: roteiros conformes=9";PRJ21-EV08 | PRJ21-EV09;Plataforma de Serviços
PRJ21-ATV08;C4;Consolidação técnica;Documentação;Cobertura dos serviços e perfis de homologação. Não se propôs alterar o mecanismo de isolamento.;Limites e próxima ação registrados na data de corte.;PRJ21-EV07 | PRJ21-EV13;Plataforma de Serviços
PRJ22-ATV01;C1;Caracterização do problema;Análise;Clientes perdiam o passo atual ao retornar depois de uma queda curta.;Pergunta: Como recuperar a jornada sem repetir uma transferência já confirmada?;PRJ22-EV01;Canais Digitais
PRJ22-ATV02;C1;Confronto com referência anterior;Análise;Persistir última tela e usar chave idempotente evita duplicar a mesma requisição, mas não resolve quando a confirmação financeira chega antes do registro da retomada e a tela antiga ainda pode emitir outra intenção. Uma saga de compensação foi comparada e gerou confirmação inconsistente nesse intervalo.;Referências e recursos anteriores descritos no método.;PRJ22-EV06;Canais Digitais
PRJ22-ATV03;C1;Especificação do mecanismo;Desenvolvimento;"Marcador contém intenção imutável, época da jornada e prova de confirmação. Antes de retomar, cruzar estado local com prova financeira; se houver confirmação sem marcador final, reconciliar sem reemitir. Se a prova ficar indisponível, manter bloqueio de intenção e exigir confirmação assistida. O protótipo introduz barreira por época entre recuperação de tela e autorização de nova intenção, além da idempotência do pagamento.";"Mecanismo proposto ou configuração descrita; estado conforme documento.";PRJ22-EV05 | PRJ22-EV06;Canais Digitais
PRJ22-ATV04;C2;Preparação dos cenários;Documentação;"120 jornadas: 40 interrupções antes, 40 durante e 40 depois da confirmação. Comparadores: última tela+idempotência, saga e barreira por época. Na barreira, 116 retomam automaticamente; quatro aguardam confirmação assistida; nenhuma transferência é duplicada. Há rastros da corrida que a idempotência isolada não resolveu.";"Entradas e populações documentadas no método; recortes identificados no arquivo de entradas.";PRJ22-EV05 | PRJ22-EV06 | PRJ22-EV12;Canais Digitais
PRJ22-ATV05;C2;Registro de medições;Teste;"Arquivar medições por versão e cenário. Contadores de ocorrências são separados de medições escalares e histogramas; seu significado é dado pelo método.";Arquivo de medições organizado por ensaio e versão, com unidade indicada em cada registro.;PRJ22-EV08;Canais Digitais
PRJ22-ATV06;C3;Análise de ocorrências;Análise;"intenção I44 confirmada no financeiro; tela ainda pendente; usuário reabre";"tela-v1 abriu I45; barreira-v3 manteve I44 e recuperou prova";PRJ22-EV11;Canais Digitais
PRJ22-ATV07;C3;Conferência dos resultados;Teste;"Calcular os indicadores a partir dos registros localizados; distinguir versões e denominadores.";"tela-v1: jornadas retomadas automaticamente=98; tela-v1: transferências duplicadas=3; saga-v2: jornadas retomadas automaticamente=108";PRJ22-EV08 | PRJ22-EV09;Canais Digitais
PRJ22-ATV08;C4;Consolidação técnica;Documentação;A hipótese original também inclui perda do armazenamento local enquanto a prova financeira está temporariamente inacessível. Os quatro estados foram bloqueados, mas não há ensaio da reconstrução da época depois dessa perda. A recuperação nesse subcenário continua sem validação.;Limites e próxima ação registrados na data de corte.;PRJ22-EV07 | PRJ22-EV13;Canais Digitais
PRJ23-ATV01;C1;Caracterização do problema;Análise;O cache podia exibir saldo anterior por alguns segundos após uma transferência.;Pergunta: Qual regra de invalidação reduz a defasagem sem concentrar todas as consultas no sistema central?;PRJ23-EV01;Core e Saldos
PRJ23-ATV02;C1;Confronto com referência anterior;Análise;TTL fixo de 30 s e invalidação monotônica por versão escalar eram conhecidos. Uma versão escalar protege contra regressão da mesma origem, mas não representa confirmação parcial de duas origens que publicam a mesma transferência.;Referências e recursos anteriores descritos no método.;PRJ23-EV06;Core e Saldos
PRJ23-ATV03;C1;Especificação do mecanismo;Desenvolvimento;"Proposta: vetor (versão débito, versão crédito) associado à intenção. Só promover o saldo quando ambas as componentes dominam o vetor confirmado; evento dominado não invalida versão mais nova. Para componente pendente, consultar a confirmação uma vez por intenção e compartilhar a resposta entre leitores. A hipótese combina confirmação vetorial e coalescência de consulta para controlar defasagem sem serializar todas as leituras no núcleo.";"Mecanismo proposto ou configuração descrita; estado conforme documento.";PRJ23-EV05 | PRJ23-EV06;Core e Saldos
PRJ23-ATV04;C2;Preparação dos cenários;Documentação;30 mil leituras e quatro mil alterações em quatro perfis de atraso máximo de 0, 30, 90 e 180 s. As mesmas entradas alimentam TTL, versão escalar e confirmação vetorial. Critérios prévios: defasagem ≤ 0,3% e consultas extras ao núcleo ≤ 5% das leituras. Vetorial: 60 leituras defasadas (0,2%) e 900 consultas extras (3%). As 60 leituras residuais se distribuem em 12 no perfil de 90 s e 48 no de 180 s (PRJ23-S03).;"Entradas e populações documentadas no método; recortes identificados no arquivo de entradas.";PRJ23-EV05 | PRJ23-EV06 | PRJ23-EV12;Core e Saldos
PRJ23-ATV05;C2;Registro de medições;Teste;"Arquivar medições por versão e cenário. Contadores de ocorrências são separados de medições escalares e histogramas; seu significado é dado pelo método.";Arquivo de medições organizado por ensaio e versão, com unidade indicada em cada registro.;PRJ23-EV08;Core e Saldos
PRJ23-ATV06;C3;Análise de ocorrências;Análise;"cache=(d8,c8); chega evento débito d7 atrasado";vetorial-v3 descartou componente dominada;PRJ23-EV11;Core e Saldos
PRJ23-ATV07;C3;Conferência dos resultados;Teste;"Calcular os indicadores a partir dos registros localizados; distinguir versões e denominadores.";"ttl-v1: leituras defasadas=720; escalar-v2: leituras defasadas=240; vetorial-v3: leituras defasadas=60";PRJ23-EV08 | PRJ23-EV09;Core e Saldos
PRJ23-ATV08;C4;Consolidação técnica;Documentação;"Escopo pré-definido: até 180 s e uma origem temporariamente indisponível. Duas origens indisponíveis simultaneamente e atrasos superiores foram excluídos antes dos ensaios; não são condições incluídas na conclusão. São 60 leituras residuais, 12 no perfil de 90 s e 48 no de 180 s; a janela está documentada em PRJ23-S03.";Limites e próxima ação registrados na data de corte.;PRJ23-EV07 | PRJ23-EV13;Core e Saldos
PRJ24-ATV01;C1;Caracterização do problema;Análise;Incidentes no fluxo de pagamentos instantâneos surgiam somente quando perda de conectividade, retomada parcial e nova indisponibilidade ocorriam em intervalos específicos. Os testes manuais não repetiam a mesma ordem de eventos.;Pergunta: Como reproduzir interleavings distribuídos de falha e recuperação sem congelar artificialmente os serviços e sem alterar o comportamento que se pretende observar?;PRJ24-EV01;Resiliência de Pagamentos
PRJ24-ATV02;C1;Confronto com referência anterior;Análise;Injeção manual e scripts com temporizadores independentes não fixam a ordem parcial de falha e recuperação. Congelar o serviço para repetir a ordem muda o comportamento observado.;Referências e recursos anteriores descritos no método.;PRJ24-EV06;Resiliência de Pagamentos
PRJ24-ATV03;C1;Especificação do mecanismo;Desenvolvimento;"Controlar somente o despachante de falhas por barreiras causais. Um evento de falha é liberado quando seus predecessores observáveis foram confirmados; relógios dos serviços seguem livres. O coletor atribui (origem, sequência, época) antes de agregar, preservando simultaneidade em vez de ordenar por chegada. A primeira revisão do coletor perdia 11 empates; a revisão causal-K2-v4 usa esse identificador estável.";"Mecanismo proposto ou configuração descrita; estado conforme documento.";PRJ24-EV05 | PRJ24-EV06;Resiliência de Pagamentos
PRJ24-ATV04;C2;Preparação dos cenários;Documentação;"32 sequências de até sete eventos, 20 repetições cada. Sequências S01–S11 usam L1; S12–S22 usam L2; S23–S32 usam L3: 220+220+200=640, sem produto cartesiano adicional. Manual, scripts e causal causal-K1-v3/causal-K2-v4 usam a mesma distribuição. Causal causal-K1-v3 preserva 629 e causal-K2-v4 preserva 640 ordens parciais e estados terminais.";"Entradas e populações documentadas no método; recortes identificados no arquivo de entradas.";PRJ24-EV05 | PRJ24-EV06 | PRJ24-EV12;Resiliência de Pagamentos
PRJ24-ATV05;C2;Registro de medições;Teste;"Arquivar medições por versão e cenário. Contadores de ocorrências são separados de medições escalares e histogramas; seu significado é dado pelo método.";Arquivo de medições organizado por ensaio e versão, com unidade indicada em cada registro.;PRJ24-EV08;Resiliência de Pagamentos
PRJ24-ATV06;C3;Análise de ocorrências;Análise;"S12: F1 desconecta→R1 retoma→F2 indisponibiliza; expiração E e confirmação C concorrentes";"causal-K1-v3 ordenou pela chegada; causal-K2-v4 preservou IDs e vínculo predecessor";PRJ24-EV11;Resiliência de Pagamentos
PRJ24-ATV07;C3;Conferência dos resultados;Teste;"Calcular os indicadores a partir dos registros localizados; distinguir versões e denominadores.";"manual-v1: repetições com ordem e estado preservados=512; scripts-v2: repetições com ordem e estado preservados=590; causal-K1-v3: repetições com ordem e estado preservados=629";PRJ24-EV08 | PRJ24-EV09;Resiliência de Pagamentos
PRJ24-ATV08;C4;Consolidação técnica;Documentação;"Conclusão restrita às 32 sequências, até sete eventos e perfis L1–L3. Grafo, pseudocódigo, matriz, sementes e rastros acompanham o pacote; não se promete um ambiente bancário executável.";Limites e próxima ação registrados na data de corte.;PRJ24-EV07 | PRJ24-EV13;Resiliência de Pagamentos
PRJ25-ATV01;C1;Caracterização do problema;Análise;A instituição adquiriu uma plataforma de cobrança e precisava configurar perfis, prazos, canais e modelos de comunicação de acordo com políticas já aprovadas.;Pergunta: Quais parâmetros e permissões do produto deveriam ser ativados para reproduzir as jornadas existentes e cumprir os critérios de aceite?;PRJ25-EV01;Cobrança
PRJ25-ATV02;C1;Confronto com referência anterior;Análise;Catálogo fictício COB-3 contém perfis, prazos, canais, modelos de mensagem e API de integração. A política de cobrança já estava aprovada antes da configuração.;Referências e recursos anteriores descritos no método.;PRJ25-EV06;Cobrança
PRJ25-ATV03;C1;Especificação do mecanismo;Desenvolvimento;Selecionar componentes do catálogo e preencher prazo, canal e texto. Mapear perfil operador/supervisor a permissões existentes. Não alterar lógica da plataforma.;"Mecanismo proposto ou configuração descrita; estado conforme documento.";PRJ25-EV05 | PRJ25-EV06;Cobrança
PRJ25-ATV04;C2;Preparação dos cenários;Documentação;"86 itens funcionais e 24 cenários de permissão aprovados na configuração final. Quatro itens propostos inicialmente foram retirados do escopo antes do aceite, conforme registro de revisão; não compõem os 86.";"Entradas e populações documentadas no método; recortes identificados no arquivo de entradas.";PRJ25-EV05 | PRJ25-EV06 | PRJ25-EV12;Cobrança
PRJ25-ATV05;C2;Registro de medições;Teste;"Arquivar medições por versão e cenário. Contadores de ocorrências são separados de medições escalares e histogramas; seu significado é dado pelo método.";Arquivo de medições organizado por ensaio e versão, com unidade indicada em cada registro.;PRJ25-EV08;Cobrança
PRJ25-ATV06;C3;Análise de ocorrências;Análise;"perfil operador; ação aprovar desconto acima do limite";produto negou;PRJ25-EV11;Cobrança
PRJ25-ATV07;C3;Conferência dos resultados;Teste;"Calcular os indicadores a partir dos registros localizados; distinguir versões e denominadores.";"config-v1: itens funcionais aprovados=86; config-v1: cenários de permissão aprovados=24";PRJ25-EV08 | PRJ25-EV09;Cobrança
PRJ25-ATV08;C4;Consolidação técnica;Documentação;Aceite do comportamento contratado. Não há comparação de método novo ou obstáculo tecnológico investigado.;Limites e próxima ação registrados na data de corte.;PRJ25-EV07 | PRJ25-EV13;Cobrança
PRJ26-ATV01;C1;Caracterização do problema;Análise;Os clientes queriam relatórios com colunas e filtros já disponíveis na plataforma.;Pergunta: Como organizar os relatórios dentro das opções contratadas?;PRJ26-EV01;Portal Empresas
PRJ26-ATV02;C1;Confronto com referência anterior;Análise;O módulo fictício REP-4 oferece filtros parametrizados, colunas calculadas por expressões aritméticas, exportação e perfis. O catálogo chama o recurso de relatório inteligente, mas a fórmula é definida pelo usuário.;Referências e recursos anteriores descritos no método.;PRJ26-EV06;Portal Empresas
PRJ26-ATV03;C1;Especificação do mecanismo;Desenvolvimento;"Configurar 18 relatórios. Duas expressões parecem desenvolvimento: atraso=max(0,data_corte-vencimento) e saldo=principal-pago. Ambas usam funções listadas no manual; não há ajuste de modelo ou inferência. Dois layouts de um catálogo inicial de 20 foram descartados.";"Mecanismo proposto ou configuração descrita; estado conforme documento.";PRJ26-EV05 | PRJ26-EV06;Portal Empresas
PRJ26-ATV04;C2;Preparação dos cenários;Documentação;"Cada relatório tem três testes: cálculo, filtro e permissão, total 54 verificações. Três falhas de permissão na primeira rodada; 54 resultados conformes na final. R01–R18 são relatórios distintos; alternativas de layout não são relatórios adicionais.";"Entradas e populações documentadas no método; recortes identificados no arquivo de entradas.";PRJ26-EV05 | PRJ26-EV06 | PRJ26-EV12;Portal Empresas
PRJ26-ATV05;C2;Registro de medições;Teste;"Arquivar medições por versão e cenário. Contadores de ocorrências são separados de medições escalares e histogramas; seu significado é dado pelo método.";Arquivo de medições organizado por ensaio e versão, com unidade indicada em cada registro.;PRJ26-EV08;Portal Empresas
PRJ26-ATV06;C3;Análise de ocorrências;Análise;"R07: data_corte=20; vencimento=15";expressão MAX do catálogo retornou 5;PRJ26-EV11;Portal Empresas
PRJ26-ATV07;C3;Conferência dos resultados;Teste;"Calcular os indicadores a partir dos registros localizados; distinguir versões e denominadores.";"rel-v1: verificações conformes=51; rel-v2: verificações conformes=54; rel-v2: relatórios aceitos=18";PRJ26-EV08 | PRJ26-EV09;Portal Empresas
PRJ26-ATV08;C4;Consolidação técnica;Documentação;A terminologia de protótipo inteligente da solicitação comercial não descreve o mecanismo efetivamente implementado.;Limites e próxima ação registrados na data de corte.;PRJ26-EV07 | PRJ26-EV13;Portal Empresas
PRJ27-ATV01;C1;Caracterização do problema;Análise;A área de cobrança propôs um assistente para responder dúvidas sobre boletos com base em manuais e normas internas. O projeto avançou até uma demonstração, mas perdeu acesso ao ambiente de testes após mudança contratual.;Pergunta: Seria possível responder perguntas variadas com referência correta ao documento e recusar respostas quando a fonte não sustentasse a conclusão?;PRJ27-EV01;Atendimento de Cobrança
PRJ27-ATV02;C1;Confronto com referência anterior;Análise;Busca lexical, busca semântica e geração com recuperação foram consideradas. O desenho propõe abstenção por suporte documental, além de localizar um trecho semelhante, mas a versão do gerador não foi preservada.;Referências e recursos anteriores descritos no método.;PRJ27-EV06;Atendimento de Cobrança
PRJ27-ATV03;C1;Especificação do mecanismo;Desenvolvimento;"Documento de arquitetura descreve recuperar três trechos, verificar se cada oração da resposta tem suporte e recusar se algum fato decisivo não tiver fonte. Há template de prompt e catálogo sintético de seis documentos. A entrega contém saídas do recuperador para 46 perguntas; não contém as respostas geradas nem julgamentos de suporte por oração.";"Mecanismo proposto ou configuração descrita; estado conforme documento.";PRJ27-EV05 | PRJ27-EV06;Atendimento de Cobrança
PRJ27-ATV04;C2;Preparação dos cenários;Documentação;Plano para 300 perguntas. Das 50 perguntas da demonstração citada no memorando, 46 textos foram recuperados, mas sem IDs comuns com a rodada de geração. Um teste separado do recuperador encontrou trecho relevante em 38 das 46 consultas. A apresentação atribuía 82% de respostas corretas em 50, sem decisões por pergunta.;"Entradas e populações documentadas no método; recortes identificados no arquivo de entradas.";PRJ27-EV05 | PRJ27-EV06 | PRJ27-EV12;Atendimento de Cobrança
PRJ27-ATV05;C2;Registro de medições;Teste;"Arquivar medições por versão e cenário. Contadores de ocorrências são separados de medições escalares e histogramas; seu significado é dado pelo método.";Arquivo de medições organizado por ensaio e versão, com unidade indicada em cada registro.;PRJ27-EV08;Atendimento de Cobrança
PRJ27-ATV06;C3;Análise de ocorrências;Análise;"Q07: segunda via após vencimento; trechos D02#p1,D03#p1,D04#p1";"recuperador localizou fonte; resposta gerada ausente";PRJ27-EV11;Atendimento de Cobrança
PRJ27-ATV07;C3;Conferência dos resultados;Teste;"Calcular os indicadores a partir dos registros localizados; distinguir versões e denominadores.";busca-B2-v1: consultas com trecho relevante recuperado=38;PRJ27-EV08 | PRJ27-EV09;Atendimento de Cobrança
PRJ27-ATV08;C4;Consolidação técnica;Documentação;38/46 mede recuperação de trechos. A rodada de geração exigia também registrar a resposta, a fonte de cada afirmação e a decisão de recusa. Esses registros e a versão do gerador não foram recuperados após o encerramento do ambiente. Não há correspondência entre os IDs do teste busca-B2-v1 e os da demonstração mencionada no memorando.;Limites e próxima ação registrados na data de corte.;PRJ27-EV07 | PRJ27-EV13;Atendimento de Cobrança
PRJ28-ATV01;C1;Caracterização do problema;Análise;O cronograma cita uma forma nova de migrar convênios sem interromper a emissão.;Pergunta: Qual era a limitação do método anterior e qual mudança técnica foi proposta?;PRJ28-EV01;Convênios
PRJ28-ATV02;C1;Confronto com referência anterior;Análise;O planejamento chama a migração de nova abordagem por lotes. Não registra se o conversor era desenvolvido internamente ou recurso contratado, nem o limite do processo anterior.;Referências e recursos anteriores descritos no método.;PRJ28-EV06;Convênios
PRJ28-ATV03;C1;Especificação do mecanismo;Desenvolvimento;Minuta mapeia código, vigência e canal entre dois esquemas. Propõe converter em lotes e conferir emissão antes de liberar, mas não fixa tamanho, critério de parada ou mecanismo de continuidade.;"Mecanismo proposto ou configuração descrita; estado conforme documento.";PRJ28-EV05 | PRJ28-EV06;Convênios
PRJ28-ATV04;C2;Preparação dos cenários;Documentação;Dez linhas de entrada de exemplo, duas correspondências de campo e cronograma foram entregues. Não há saída de conversão, versão do conversor ou registro de emissão durante a migração.;"Entradas e populações documentadas no método; recortes identificados no arquivo de entradas.";PRJ28-EV05 | PRJ28-EV06 | PRJ28-EV12;Convênios
PRJ28-ATV05;C2;Registro de medições;Teste;"Arquivar medições por versão e cenário. Contadores de ocorrências são separados de medições escalares e histogramas; seu significado é dado pelo método.";Arquivo de medições organizado por ensaio e versão, com unidade indicada em cada registro.;PRJ28-EV08;Convênios
PRJ28-ATV06;C3;Análise de ocorrências;Análise;"convênio SYN01; campo vigencia_fim=2025-08-31";saída de conversão ausente;PRJ28-EV11;Convênios
PRJ28-ATV07;C3;Conferência dos resultados;Teste;"Calcular os indicadores a partir dos registros localizados; distinguir versões e denominadores.";convenio-v1: linhas de entrada entregues (contagem de entrega, não desempenho)=10;PRJ28-EV08 | PRJ28-EV09;Convênios
PRJ28-ATV08;C4;Consolidação técnica;Documentação;Não foram recuperados a versão do conversor, a origem do mecanismo, a comparação com o processo anterior ou os registros de execução durante emissão concorrente.;Limites e próxima ação registrados na data de corte.;PRJ28-EV07 | PRJ28-EV13;Convênios
PRJ29-ATV01;C1;Caracterização do problema;Análise;A prova de vida consumia memória e falhava em câmeras simples.;Pergunta: Como detectar presença real com menos quadros e sem aceitar vídeo gravado?;PRJ29-EV01;Identidade Digital
PRJ29-ATV02;C1;Confronto com referência anterior;Análise;Vídeo longo e amostragem fixa de quatro quadros são comparadores. A redução fixa de quadros cabe na memória, mas perde variação temporal suficiente para distinguir replay em câmera simples.;Referências e recursos anteriores descritos no método.;PRJ29-EV06;Identidade Digital
PRJ29-ATV03;C1;Especificação do mecanismo;Desenvolvimento;"Selecionar próximo quadro pela mudança de movimento entre regiões, preservando desafio temporal e limite de seis quadros. A versão seletor-S2-v3 usa variação mínima 0,08; após um replay aceito, seletor-S3-v4 acrescenta vínculo do padrão de movimento ao nonce do desafio. A hipótese combina economia de quadros e resposta temporal, não simples redução de resolução.";"Mecanismo proposto ou configuração descrita; estado conforme documento.";PRJ29-EV05 | PRJ29-EV06;Identidade Digital
PRJ29-ATV04;C2;Preparação dos cenários;Documentação;"480 tentativas: 420 legítimas e 60 replays, distribuídas em quatro perfis de aparelho. seletor-S2-v3 conclui 374/420 legítimas (89,05%, arredondado para 89%) e rejeita 59/60 replays. seletor-S3-v4 rejeita o replay que motivou a correção em um reteste; a matriz inteira não foi repetida com seletor-S3-v4.";"Entradas e populações documentadas no método; recortes identificados no arquivo de entradas.";PRJ29-EV05 | PRJ29-EV06 | PRJ29-EV12;Identidade Digital
PRJ29-ATV05;C2;Registro de medições;Teste;"Arquivar medições por versão e cenário. Contadores de ocorrências são separados de medições escalares e histogramas; seu significado é dado pelo método.";Arquivo de medições organizado por ensaio e versão, com unidade indicada em cada registro.;PRJ29-EV08;Identidade Digital
PRJ29-ATV06;C3;Análise de ocorrências;Análise;"replay R60; brilho oscilante; nonce ausente da verificação seletor-S2-v3";"seletor-S2-v3 aceitou; seletor-S3-v4 rejeitou o mesmo arquivo";PRJ29-EV11;Identidade Digital
PRJ29-ATV07;C3;Conferência dos resultados;Teste;"Calcular os indicadores a partir dos registros localizados; distinguir versões e denominadores.";"longo-v1: jornadas legítimas concluídas=294; fixo4-v2: jornadas legítimas concluídas=357; fixo4-v2: replays rejeitados=54";PRJ29-EV08 | PRJ29-EV09;Identidade Digital
PRJ29-ATV08;C4;Consolidação técnica;Documentação;O reteste de um ataque conhecido não constitui validação completa da nova regra. Falta regressão das 480 tentativas em seletor-S3-v4 e conjunto de replay separado do usado no ajuste. A pesquisa em seletor-S2-v3 permanece documentada.;Limites e próxima ação registrados na data de corte.;PRJ29-EV07 | PRJ29-EV13;Identidade Digital
PRJ30-ATV01;C1;Caracterização do problema;Análise;Um módulo comercial de autenticação multifator foi contratado para os canais digitais. O trabalho incluía integração, escolha de fatores por perfil e homologação de mensagens.;Pergunta: Como habilitar as funções contratadas nos canais do banco e ajustar parâmetros de tempo, reenvio e contingência?;PRJ30-EV01;Segurança de Acesso
PRJ30-ATV02;C1;Confronto com referência anterior;Análise;O produto fictício MFA-6 fornece SDK, OTP, notificação, recuperação e roteiro de contingência. Parâmetros de validade, reenvio e fatores por perfil estão documentados.;Referências e recursos anteriores descritos no método.;PRJ30-EV06;Segurança de Acesso
PRJ30-ATV03;C1;Especificação do mecanismo;Desenvolvimento;"Integrar SDK e API; ajustar validade de 30 para 60 s, reenvio de 10 para 20 s, tolerância de relógio de 15 para 30 s e tentativas de três para cinco. Renovar certificado de homologação simbólico CERT-TESTE-02. Não modificar protocolo de autenticação.";"Mecanismo proposto ou configuração descrita; estado conforme documento.";PRJ30-EV05 | PRJ30-EV06;Segurança de Acesso
PRJ30-ATV04;C2;Preparação dos cenários;Documentação;72 casos de aceite em três canais. Cinco falhas iniciais estavam ligadas aos quatro parâmetros e ao certificado. Configuração final aprovada em todos os 72.;"Entradas e populações documentadas no método; recortes identificados no arquivo de entradas.";PRJ30-EV05 | PRJ30-EV06 | PRJ30-EV12;Segurança de Acesso
PRJ30-ATV05;C2;Registro de medições;Teste;"Arquivar medições por versão e cenário. Contadores de ocorrências são separados de medições escalares e histogramas; seu significado é dado pelo método.";Arquivo de medições organizado por ensaio e versão, com unidade indicada em cada registro.;PRJ30-EV08;Segurança de Acesso
PRJ30-ATV06;C3;Análise de ocorrências;Análise;"OTP recebido em 45 s; validade configurada 30 s";"mfa-v1 expirou; mfa-v2 validou";PRJ30-EV11;Segurança de Acesso
PRJ30-ATV07;C3;Conferência dos resultados;Teste;"Calcular os indicadores a partir dos registros localizados; distinguir versões e denominadores.";"mfa-v1: casos aprovados=67; mfa-v2: casos aprovados=72";PRJ30-EV08 | PRJ30-EV09;Segurança de Acesso
PRJ30-ATV08;C4;Consolidação técnica;Documentação;O exercício de contingência verifica comportamento contratado. Não se propôs mecanismo novo de autenticação.;Limites e próxima ação registrados na data de corte.;PRJ30-EV07 | PRJ30-EV13;Segurança de Acesso
PRJ31-ATV01;fixo-C1-v1;Caracterização do problema;Análise;Clientes de municípios distantes, sem acesso ao telefone antigo e com conectividade instável, precisavam recuperar a identidade digital sem comparecer a uma agência. O uso de um documento isolado apresentava risco de fraude.;Pergunta: Como combinar documento, dispositivo e histórico transacional para recuperar a conta com segurança em aparelhos de entrada e conexões intermitentes?;PRJ31-EV01;Recuperação de Identidade
PRJ31-ATV02;fixo-C1-v1;Confronto com referência anterior;Análise;Documento isolado, combinação fixa de documento+dispositivo e operação parcialmente offline foram comparados. A combinação fixa acumula sinais correlacionados como se fossem independentes, elevando confiança quando o mesmo artefato é reapresentado após reconexão.;Referências e recursos anteriores descritos no método.;PRJ31-EV06;Recuperação de Identidade
PRJ31-ATV03;fixo-C1-v1;Especificação do mecanismo;Desenvolvimento;"Representar evidência por origem, época, validade e dependência. Na retomada, reaproveitar somente sinais ainda válidos; limitar a contribuição conjunta de sinais derivados do mesmo documento e exigir um fator de origem independente. O protótipo condicionado-C3-v2 mantém um orçamento de risco condicionado à ausência, em vez de somar escores fixos. Reapresentação de sinal não adiciona confiança.";"Mecanismo proposto ou configuração descrita; estado conforme documento.";PRJ31-EV05 | PRJ31-EV06;Recuperação de Identidade
PRJ31-ATV04;C2;Preparação dos cenários;Documentação;"520 jornadas legítimas e 120 ataques, em quatro aparelhos × cinco redes, 20 células. condicionado-C3-v2 aprova 447 legítimas e bloqueia 116 ataques. Duzentas das 520 legítimas foram interrompidas; 182 retomaram (91%). Retomar significa continuar a avaliação, não aprovar identidade. Comparador fixo aprova 430 e bloqueia 108; os quatro ataques restantes de condicionado-C3-v2 estão em duas células de rede degradada.";"Entradas e populações documentadas no método; recortes identificados no arquivo de entradas.";PRJ31-EV05 | PRJ31-EV06 | PRJ31-EV12;Recuperação de Identidade
PRJ31-ATV05;C2;Registro de medições;Teste;"Arquivar medições por versão e cenário. Contadores de ocorrências são separados de medições escalares e histogramas; seu significado é dado pelo método.";Arquivo de medições organizado por ensaio e versão, com unidade indicada em cada registro.;PRJ31-EV08;Recuperação de Identidade
PRJ31-ATV06;condicionado-C3-v2;Análise de ocorrências;Análise;"mesmo documento reapresentado em rede intermitente; sinal derivado já contado";"fixo-C1-v1 somou novamente; condicionado-C3-v2 reconheceu origem e época";PRJ31-EV11;Recuperação de Identidade
PRJ31-ATV07;condicionado-C3-v2;Conferência dos resultados;Teste;"Calcular os indicadores a partir dos registros localizados; distinguir versões e denominadores.";"fixo-C1-v1: recuperações legítimas aprovadas=430; fixo-C1-v1: ataques bloqueados=108; condicionado-C3-v2: recuperações legítimas aprovadas=447";PRJ31-EV08 | PRJ31-EV09;Recuperação de Identidade
PRJ31-ATV08;C4;Consolidação técnica;Documentação;A investigação mostra melhora, mas falha em quatro ataques com documento e dispositivo coerentemente comprometidos. A prova de fator independente não foi validada sob indisponibilidade prolongada da terceira origem, condição incluída na pretensão de recuperação remota.;Limites e próxima ação registrados na data de corte.;PRJ31-EV07 | PRJ31-EV13;Recuperação de Identidade
PRJ32-ATV01;C1;Caracterização do problema;Análise;Um desenho conceitual sugere usar o histórico do aparelho para ajustar a autenticação.;Pergunta: Quais sinais seriam usados e como um aparelho novo seria tratado?;PRJ32-EV01;Autenticação Adaptativa
PRJ32-ATV02;C1;Confronto com referência anterior;Análise;A minuta sugere reputação pelo histórico do dispositivo, mas os sinais estabilidade, confiança e contexto não têm definição mensurável. Não há política para aparelho novo.;Referências e recursos anteriores descritos no método.;PRJ32-EV06;Autenticação Adaptativa
PRJ32-ATV03;C1;Especificação do mecanismo;Desenvolvimento;"O diagrama apresenta coleta→pontuação→autenticação adicional. Um formulário registra opiniões de segurança sobre possíveis sinais; não especifica fórmula, atualização ou tratamento de ausência.";"Mecanismo proposto ou configuração descrita; estado conforme documento.";PRJ32-EV05 | PRJ32-EV06;Autenticação Adaptativa
PRJ32-ATV04;C2;Preparação dos cenários;Documentação;Oito fichas sintéticas de dispositivo foram entregues com campos modelo e versão de sistema. Os campos de reputação estão vazios porque a regra ainda não foi definida. Não há decisão de autenticação produzida a partir dessas fichas.;"Entradas e populações documentadas no método; recortes identificados no arquivo de entradas.";PRJ32-EV05 | PRJ32-EV06 | PRJ32-EV12;Autenticação Adaptativa
PRJ32-ATV05;C2;Registro de medições;Teste;"Arquivar medições por versão e cenário. Contadores de ocorrências são separados de medições escalares e histogramas; seu significado é dado pelo método.";Arquivo de medições organizado por ensaio e versão, com unidade indicada em cada registro.;PRJ32-EV08;Autenticação Adaptativa
PRJ32-ATV06;C3;Análise de ocorrências;Análise;"dispositivo D01; modelo sintético M1; primeira aparição";reputação e decisão vazias;PRJ32-EV11;Autenticação Adaptativa
PRJ32-ATV07;C3;Conferência dos resultados;Teste;"Calcular os indicadores a partir dos registros localizados; distinguir versões e denominadores.";dispositivo-v1: fichas de dispositivo entregues (contagem de entrega, não desempenho)=8;PRJ32-EV08 | PRJ32-EV09;Autenticação Adaptativa
PRJ32-ATV08;C4;Consolidação técnica;Documentação;Faltam definição do mecanismo, critério de referência e ensaio. As fichas e o desenho demonstram preparação, não execução de técnica identificável.;Limites e próxima ação registrados na data de corte.;PRJ32-EV07 | PRJ32-EV13;Autenticação Adaptativa
PRJ33-ATV01;C1;Caracterização do problema;Análise;O projeto pretende reunir métricas, logs e rastros em um fluxo comum.;Pergunta: Como alinhar sinais com relógios e formatos diferentes?;PRJ33-EV01;Observabilidade
PRJ33-ATV02;C1;Confronto com referência anterior;Análise;O catálogo descreve métricas, logs e rastros nativos. A equipe propõe ajustar relógios a partir de eventos correlatos, mas não entrega a especificação desse ajuste.;Referências e recursos anteriores descritos no método.;PRJ33-EV06;Observabilidade
PRJ33-ATV03;C1;Especificação do mecanismo;Desenvolvimento;Desenho conecta três agentes a um normalizador. Há um mapa de campos timestamp, host e correlation_id. Não define janela de associação nem estimação do desvio de relógio.;"Mecanismo proposto ou configuração descrita; estado conforme documento.";PRJ33-EV05 | PRJ33-EV06;Observabilidade
PRJ33-ATV04;C2;Preparação dos cenários;Documentação;Doze eventos de exemplo foram recuperados de duas origens, com relógios diferentes. Quatro têm correlation_id. Nenhum tem timestamp corrigido ou vínculo produzido pelo normalizador. O memorando menciona prova de conceito sem identificar sua versão.;"Entradas e populações documentadas no método; recortes identificados no arquivo de entradas.";PRJ33-EV05 | PRJ33-EV06 | PRJ33-EV12;Observabilidade
PRJ33-ATV05;C2;Registro de medições;Teste;"Arquivar medições por versão e cenário. Contadores de ocorrências são separados de medições escalares e histogramas; seu significado é dado pelo método.";Arquivo de medições organizado por ensaio e versão, com unidade indicada em cada registro.;PRJ33-EV08;Observabilidade
PRJ33-ATV06;C3;Análise de ocorrências;Análise;"origem A; ts=10:00:00; correlation=X1; origem B ts=10:00:12; correlation=X1";timestamp corrigido ausente;PRJ33-EV11;Observabilidade
PRJ33-ATV07;C3;Conferência dos resultados;Teste;"Calcular os indicadores a partir dos registros localizados; distinguir versões e denominadores.";eventos-v1: eventos com correlation_id (contagem de entrega, não desempenho)=4;PRJ33-EV08 | PRJ33-EV09;Observabilidade
PRJ33-ATV08;C4;Consolidação técnica;Documentação;Sem saídas corrigidas, referência temporal e critério, os exemplos de entrada não demonstram a técnica de alinhamento alegada.;Limites e próxima ação registrados na data de corte.;PRJ33-EV07 | PRJ33-EV13;Observabilidade
PRJ34-ATV01;C1;Caracterização do problema;Análise;O inventário manual ficava desatualizado quando os serviços mudavam.;Pergunta: Como reconstruir dependências a partir de chamadas sem confundir tráfego ocasional com vínculo permanente?;PRJ34-EV01;Arquitetura Corporativa
PRJ34-ATV02;C1;Confronto com referência anterior;Análise;"Inventário manual e grafo de frequência com janela fixa são comparadores. Chamadas de manutenção periódica aparecem como dependência persistente; tráfego real de baixa frequência pode desaparecer entre janelas.";Referências e recursos anteriores descritos no método.;PRJ34-EV06;Arquitetura Corporativa
PRJ34-ATV03;C1;Especificação do mecanismo;Desenvolvimento;"Ponderar chamada pela recorrência condicionada ao calendário de manutenção e à latência causal entre serviços. Manter aresta quando houver contribuição causal em duas janelas; rebaixar tráfego concentrado somente na janela de manutenção. A hipótese é separar dependência funcional e coincidência de agenda sem apagar serviços de baixa frequência.";"Mecanismo proposto ou configuração descrita; estado conforme documento.";PRJ34-EV05 | PRJ34-EV06;Arquitetura Corporativa
PRJ34-ATV04;C2;Preparação dos cenários;Documentação;"140 serviços; 500 pares candidatos a relação, dos quais 18 têm mudança confirmada por roteiro independente, ao longo de seis janelas de dez minutos. Grafo de frequência detecta 12/18 mudanças e cria 14 vínculos falsos; ponderado detecta 16/18 e cria cinco. Os contadores de vínculos falsos usam os 500 pares candidatos como exposição, não os 140 serviços. Versionamento frequencia-F1-v1→ponderado-P2-v2 está registrado.";"Entradas e populações documentadas no método; recortes identificados no arquivo de entradas.";PRJ34-EV05 | PRJ34-EV06 | PRJ34-EV12;Arquitetura Corporativa
PRJ34-ATV05;C2;Registro de medições;Teste;"Arquivar medições por versão e cenário. Contadores de ocorrências são separados de medições escalares e histogramas; seu significado é dado pelo método.";Arquivo de medições organizado por ensaio e versão, com unidade indicada em cada registro.;PRJ34-EV08;Arquitetura Corporativa
PRJ34-ATV06;C3;Análise de ocorrências;Análise;"serviços S03→S09; chamadas apenas na manutenção 02:00";"frequencia-F1-v1 criou aresta; ponderado-P2-v2 rebaixou";PRJ34-EV11;Arquitetura Corporativa
PRJ34-ATV07;C3;Conferência dos resultados;Teste;"Calcular os indicadores a partir dos registros localizados; distinguir versões e denominadores.";"frequencia-F1-v1: mudanças detectadas=12; ponderado-P2-v2: mudanças detectadas=16; frequencia-F1-v1: relações indevidas criadas=14";PRJ34-EV08 | PRJ34-EV09;Arquitetura Corporativa
PRJ34-ATV08;C4;Consolidação técnica;Documentação;O critério de remoção de vínculos indevidos segue em teste: expiração em duas janelas elimina três falsos, mas também uma dependência real rara. Não há regra aprovada para esse compromisso, incluído na pretensão do mapa.;Limites e próxima ação registrados na data de corte.;PRJ34-EV07 | PRJ34-EV13;Arquitetura Corporativa
PRJ35-ATV01;C1;Caracterização do problema;Análise;A janela noturna de conciliação, provisão e fechamento se aproximava do horário de abertura. A equipe propôs prever estouros e identificar etapas responsáveis, mas a migração do monitoramento eliminou parte da série histórica.;Pergunta: Quais variáveis explicariam a duração da janela e com que antecedência seria possível prever estouros sob eventos sazonais e reprocessamentos?;PRJ35-EV01;Processamento Noturno
PRJ35-ATV02;C1;Confronto com referência anterior;Análise;O protocolo distingue média histórica, regressão com calendário e modelo por etapa. Pretende validar em ordem temporal com erro máximo ≤ 12 minutos. A série original de 18 meses não foi preservada.;Referências e recursos anteriores descritos no método.;PRJ35-EV06;Processamento Noturno
PRJ35-ATV03;C1;Especificação do mecanismo;Desenvolvimento;"Rascunho de notebook propõe duração_prevista=soma de previsões por etapa, com volume previsto antes do início da noite. Um trecho recuperado usa volume_final, disponível apenas depois do encerramento; não há saída executada que permita saber qual variante foi usada na demonstração.";"Mecanismo proposto ou configuração descrita; estado conforme documento.";PRJ35-EV05 | PRJ35-EV06;Processamento Noturno
PRJ35-ATV04;C2;Preparação dos cenários;Documentação;"Quarenta e uma noites têm duração real e volume final recuperados; 12 possuem previsão anotada sem versão, data de emissão ou corte de treino. Dessas anotações pode-se calcular MAE=18 minutos, mas não estabelecer que eram previsões prospectivas. Memorando informa 18 minutos sem distinguir média de máximo.";"Entradas e populações documentadas no método; recortes identificados no arquivo de entradas.";PRJ35-EV05 | PRJ35-EV06 | PRJ35-EV12;Processamento Noturno
PRJ35-ATV05;C2;Registro de medições;Teste;"Arquivar medições por versão e cenário. Contadores de ocorrências são separados de medições escalares e histogramas; seu significado é dado pelo método.";Arquivo de medições organizado por ensaio e versão, com unidade indicada em cada registro.;PRJ35-EV08;Processamento Noturno
PRJ35-ATV06;C3;Análise de ocorrências;Análise;"noite N04; real=162 min; anotação=149 min; hora de emissão ausente";não há como comprovar antecedência;PRJ35-EV11;Processamento Noturno
PRJ35-ATV07;C3;Conferência dos resultados;Teste;"Calcular os indicadores a partir dos registros localizados; distinguir versões e denominadores.";"previsao-v1: erro absoluto das 12 anotações=18; serie-v2: noites com duração real recuperada (contagem de entrega, não desempenho)=41; serie-v2: noites com previsão sem proveniência (contagem de entrega, não desempenho)=12";PRJ35-EV08 | PRJ35-EV09;Processamento Noturno
PRJ35-ATV08;C4;Consolidação técnica;Documentação;As anotações não preservam hora de emissão, corte de treino e versão executada. O número pode ser recalculado, mas não há como determinar se a previsão usou informação posterior ao evento. Os dados recuperados também não cobrem a série original de 18 meses.;Limites e próxima ação registrados na data de corte.;PRJ35-EV07 | PRJ35-EV13;Processamento Noturno
PRJ36-ATV01;C1;Caracterização do problema;Análise;Painéis antigos seriam recriados na ferramenta de observabilidade recém-contratada.;Pergunta: Quais consultas e permissões existentes deveriam ser reproduzidas?;PRJ36-EV01;Operações de Tecnologia
PRJ36-ATV02;C1;Confronto com referência anterior;Análise;A plataforma fictícia OBS-8 oferece consultas, filtros, layout e acesso. O documento de demanda usa os termos nova arquitetura e observabilidade avançada para a troca de ferramenta.;Referências e recursos anteriores descritos no método.;PRJ36-EV06;Operações de Tecnologia
PRJ36-ATV03;C1;Especificação do mecanismo;Desenvolvimento;"Traduzir consultas para sintaxe da plataforma mantendo filtros e agregação. Exemplo: sum(erros)/sum(chamadas) por janela de cinco minutos. O conversor de consulta e os widgets são do produto; as regras de alerta permanecem idênticas.";"Mecanismo proposto ou configuração descrita; estado conforme documento.";PRJ36-EV05 | PRJ36-EV06;Operações de Tecnologia
PRJ36-ATV04;C2;Preparação dos cenários;Documentação;27 painéis × três verificações de valor, aparência e acesso, total 81. Quatro falhas iniciais de cor, filtro e permissão foram corrigidas. Um rascunho de painel foi contado na proposta de 28, mas não migrou por duplicar conteúdo.;"Entradas e populações documentadas no método; recortes identificados no arquivo de entradas.";PRJ36-EV05 | PRJ36-EV06 | PRJ36-EV12;Operações de Tecnologia
PRJ36-ATV05;C2;Registro de medições;Teste;"Arquivar medições por versão e cenário. Contadores de ocorrências são separados de medições escalares e histogramas; seu significado é dado pelo método.";Arquivo de medições organizado por ensaio e versão, com unidade indicada em cada registro.;PRJ36-EV08;Operações de Tecnologia
PRJ36-ATV06;C3;Análise de ocorrências;Análise;"P08; erros=5; chamadas=100; janela 5 min";consulta traduzida preservou agregação;PRJ36-EV11;Operações de Tecnologia
PRJ36-ATV07;C3;Conferência dos resultados;Teste;"Calcular os indicadores a partir dos registros localizados; distinguir versões e denominadores.";"paineis-v1: verificações conformes=77; paineis-v2: verificações conformes=81; paineis-v2: painéis aceitos=27";PRJ36-EV08 | PRJ36-EV09;Operações de Tecnologia
PRJ36-ATV08;C4;Consolidação técnica;Documentação;A arquitetura de coleta permanece a fornecida pela ferramenta. A mudança de sintaxe não corresponde a novo método de detecção.;Limites e próxima ação registrados na data de corte.;PRJ36-EV07 | PRJ36-EV13;Operações de Tecnologia
PRJ37-ATV01;C1;Caracterização do problema;Análise;O modelo sintético de risco mantinha bom desempenho médio, mas apresentava diferenças relevantes entre grupos de clientes simulados. A retirada simples de variáveis reduzia a precisão sem eliminar as disparidades.;Pergunta: Como reduzir a maior diferença de erro entre grupos sem ultrapassar a perda máxima de desempenho e sem criar regras específicas que ocultem o problema?;PRJ37-EV01;Modelos de Crédito
PRJ37-ATV02;C1;Confronto com referência anterior;Análise;Reponderação fixa e calibração por grupo são comparadores implementados. Elas reduzem diferença no período de ajuste, mas os grupos pequenos têm erro instável e a retirada de variáveis não resolve dependência temporal.;Referências e recursos anteriores descritos no método.;PRJ37-EV06;Modelos de Crédito
PRJ37-ATV03;C1;Especificação do mecanismo;Desenvolvimento;"Objetivo combina perda preditiva e penalidade sobre o limite superior de confiança da diferença de FNR entre grupos; grupos escassos recebem incerteza maior, sem criar regra de aprovação específica para cada grupo. Hipóteses H1 reponderação, H2 calibração e H3 penalidade robusta, oito pesos cada, total 24 versões. Seleção por validação temporal, nunca pelo teste final.";"Mecanismo proposto ou configuração descrita; estado conforme documento.";PRJ37-EV05 | PRJ37-EV06;Modelos de Crédito
PRJ37-ATV04;C2;Preparação dos cenários;Documentação;"120 mil registros: 72 mil de treino, 24 mil de validação, 12 mil de teste temporal e 12 mil de estresse, em partições disjuntas. Quatro grupos sintéticos A–D. FNR = falsos negativos / positivos reais; cada grupo tem mil positivos no teste. FNR da referência: [10; 12; 18,4; 14]%; de H3: [11; 12,2; 14,7; 13]%. Amplitude de 8,4 para 3,7 pontos percentuais. AUC de 0,812 para 0,800: perda de 0,012, ou 1,2 ponto na escala percentual; limite de 0,015. No estresse, FNR de H3 = [12; 13,5; 17,1; 15]%, com amplitude de 5,1 pontos.";"Entradas e populações documentadas no método; recortes identificados no arquivo de entradas.";PRJ37-EV05 | PRJ37-EV06 | PRJ37-EV12;Modelos de Crédito
PRJ37-ATV05;C2;Registro de medições;Teste;"Arquivar medições por versão e cenário. Contadores de ocorrências são separados de medições escalares e histogramas; seu significado é dado pelo método.";Arquivo de medições organizado por ensaio e versão, com unidade indicada em cada registro.;PRJ37-EV08;Modelos de Crédito
PRJ37-ATV06;C3;Análise de ocorrências;Análise;grupo C no teste: 147 falsos negativos / 1.000 positivos;"H3-peso4-v2; comparar ao grupo A = 11% resulta em 3,7 pontos percentuais";PRJ37-EV11;Modelos de Crédito
PRJ37-ATV07;C3;Conferência dos resultados;Teste;"Calcular os indicadores a partir dos registros localizados; distinguir versões e denominadores.";"baseline-v1: Amplitude de FNR entre grupos=8,4; H3-peso4-v2: Amplitude de FNR entre grupos=3,7; H3-peso4-v2: Amplitude de FNR entre grupos no estresse=5,1";PRJ37-EV08 | PRJ37-EV09;Modelos de Crédito
PRJ37-ATV08;C4;Consolidação técnica;Documentação;Critério original exigia amplitude ≤ 4 pontos tanto no teste temporal quanto no estresse. O primeiro atende, o estresse não. Não existe garantia de equidade geral, e FNR não substitui outros critérios de justiça. A equipe ainda precisa examinar a estabilidade sob a safra extrema antes de ampliar a conclusão.;Limites e próxima ação registrados na data de corte.;PRJ37-EV07 | PRJ37-EV13;Modelos de Crédito
PRJ38-ATV01;C1;Caracterização do problema;Análise;O motor de crédito de uma instituição financeira fictícia executava 148 regras em sequência. Uma consulta lenta a cadastro externo elevava a latência de todas as propostas e impedia atender o pico de crédito rural sem ampliar a janela de resposta.;Pergunta: Como executar regras independentes em paralelo e interromper caminhos desnecessários sem alterar a decisão, a explicação regulatória ou a ordem de precedência das regras?;PRJ38-EV01;Decisão de Crédito
PRJ38-ATV02;C1;Confronto com referência anterior;Análise;Execução sequencial-v4, futuros assíncronos e DAG estático eram conhecidos. Nos protótipos assíncronos, resposta rápida podia fixar aprovação antes de uma regra prioritária ou incorporar outra versão de cadastro.;Referências e recursos anteriores descritos no método.;PRJ38-EV06;Decisão de Crédito
PRJ38-ATV03;C1;Especificação do mecanismo;Desenvolvimento;"Fixar época de cadastro por proposta; avaliar nós independentes em paralelo; agregar resultados pela precedência do catálogo, não pela ordem de chegada. Cancelar ramo somente quando uma decisão dominante está provada e suas dependências fechadas. Persistir IDs das regras realmente consumidas e snapshot. Em timeout de dependência obrigatória, retornar revisão conforme mesma regra do motor sequencial-v4. motor-P1-v1 usava ordem de chegada; motor-P2-v2 fixava precedência mas misturava versões; motor-P3-v3 aplica ambas as barreiras.";"Mecanismo proposto ou configuração descrita; estado conforme documento.";PRJ38-EV05 | PRJ38-EV06;Decisão de Crédito
PRJ38-ATV04;C2;Preparação dos cenários;Documentação;"148 regras e 240 mil propostas compartilhadas entre sequencial-v4 e motor-P1-v1/motor-P2-v2/motor-P3-v3. Matriz completa: 18 perfis de atraso × 5 falhas × 3 épocas = 270 células. São 888 propostas por célula e uma extra nas primeiras 240, totalizando 240.000. Cada proposta passa pelas quatro versões; não são 960.000 propostas distintas. motor-P1-v1 diverge em 96 decisões, motor-P2-v2 em 18 e motor-P3-v3 em zero. Os histogramas do sequencial-v4 e de motor-P3-v3 contêm 240 mil observações cada. Pelo posto teto(0,95 × n), o p95 passa de 2,84 para 1,42 segundo.";"Entradas e populações documentadas no método; recortes identificados no arquivo de entradas.";PRJ38-EV05 | PRJ38-EV06 | PRJ38-EV12;Decisão de Crédito
PRJ38-ATV05;C2;Registro de medições;Teste;"Arquivar medições por versão e cenário. Contadores de ocorrências são separados de medições escalares e histogramas; seu significado é dado pelo método.";Arquivo de medições organizado por ensaio e versão, com unidade indicada em cada registro.;PRJ38-EV08;Decisão de Crédito
PRJ38-ATV06;C3;Análise de ocorrências;Análise;"R010 aprova chega 20 ms; R002 prioritária nega chega 80 ms; mesma época";"motor-P1-v1 aprovou cedo; motor-P3-v3 aguardou fronteira de precedência";PRJ38-EV11;Decisão de Crédito
PRJ38-ATV07;C3;Conferência dos resultados;Teste;"Calcular os indicadores a partir dos registros localizados; distinguir versões e denominadores.";"motor-P1-v1: decisões divergentes do sequencial-v4=96; motor-P2-v2: decisões divergentes do sequencial-v4=18; motor-P3-v3: decisões divergentes do sequencial-v4=0";PRJ38-EV08 | PRJ38-EV09;Decisão de Crédito
PRJ38-ATV08;C4;Consolidação técnica;Documentação;Conclusão restrita ao catálogo, cinco falhas e três épocas ensaiadas. Nenhum ambiente produtivo é prometido. Pseudocódigo, catálogo sintético, matriz, histogramas e exemplos de trilha permitem auditar a contribuição e os resultados.;Limites e próxima ação registrados na data de corte.;PRJ38-EV07 | PRJ38-EV13;Decisão de Crédito
PRJ39-ATV01;C1;Caracterização do problema;Análise;Regras do sistema anterior precisavam ser copiadas para o novo motor.;Pergunta: Como converter a sintaxe mantendo o comportamento já aprovado?;PRJ39-EV01;Modernização de Regras
PRJ39-ATV02;C1;Confronto com referência anterior;Análise;"O motor de destino disponibiliza conversor fictício CONV-3 e tabela de equivalência de operadores. O projeto recebe o motor pronto; não altera agendamento, precedência ou snapshot.";Referências e recursos anteriores descritos no método.;PRJ39-EV06;Modernização de Regras
PRJ39-ATV03;C1;Especificação do mecanismo;Desenvolvimento;"Converter 640 regras pela tabela; mapear AND, OR, comparação numérica e nulo. Dois templates de exemplo do fornecedor não são regras migradas. Corrigir mapeamentos de nulo e repetir regressão nos casos homologados.";"Mecanismo proposto ou configuração descrita; estado conforme documento.";PRJ39-EV05 | PRJ39-EV06;Modernização de Regras
PRJ39-ATV04;C2;Preparação dos cenários;Documentação;"Duas entradas de referência por regra, total 1.280 testes. A primeira carga divergiu em 12; a final coincide em 1.280. O inventário contém 640 IDs R001–R640. O motor experimental referido em outro projeto é dependência pronta, não trabalho realizado aqui.";"Entradas e populações documentadas no método; recortes identificados no arquivo de entradas.";PRJ39-EV05 | PRJ39-EV06 | PRJ39-EV12;Modernização de Regras
PRJ39-ATV05;C2;Registro de medições;Teste;"Arquivar medições por versão e cenário. Contadores de ocorrências são separados de medições escalares e histogramas; seu significado é dado pelo método.";Arquivo de medições organizado por ensaio e versão, com unidade indicada em cada registro.;PRJ39-EV08;Modernização de Regras
PRJ39-ATV06;C3;Análise de ocorrências;Análise;"R012: campo ausente; operador legado IS_EMPTY";"conv-v1 usou igualdade a zero; conv-v2 corrigiu";PRJ39-EV11;Modernização de Regras
PRJ39-ATV07;C3;Conferência dos resultados;Teste;"Calcular os indicadores a partir dos registros localizados; distinguir versões e denominadores.";"conv-v1: testes equivalentes=1.268; conv-v2: testes equivalentes=1.280; conv-v2: regras convertidas=640";PRJ39-EV08 | PRJ39-EV09;Modernização de Regras
PRJ39-ATV08;C4;Consolidação técnica;Documentação;O desenvolvimento do motor e a conversão das regras são trabalhos distintos. A entrega demonstra aplicação do conversor existente.;Limites e próxima ação registrados na data de corte.;PRJ39-EV07 | PRJ39-EV13;Modernização de Regras
PRJ40-ATV01;C1;Caracterização do problema;Análise;Algumas fontes externas não respondiam dentro do prazo do canal.;Pergunta: Como indicar a incerteza da pontuação sem substituir dado ausente por zero?;PRJ40-EV01;Dados Externos de Crédito
PRJ40-ATV02;C1;Confronto com referência anterior;Análise;Substituir ausente por zero, imputar mediana e bloquear toda proposta eram referências conhecidas. Nenhuma explicita quanto da confiança provém da combinação de fontes ausentes correlacionadas.;Referências e recursos anteriores descritos no método.;PRJ40-EV06;Dados Externos de Crédito
PRJ40-ATV03;C1;Especificação do mecanismo;Desenvolvimento;"Propagar intervalo de pontuação usando limites condicionais por padrão de ausência e dependência entre fontes. Se o intervalo atravessar o limiar decisório 0,60, sinalizar revisão; se ficar de um lado, manter decisão com largura registrada. Comparar zero, mediana e intervalo. Sinalização representa intervalo que cruza o limiar; a mudança efetiva de decisão é apurada contra a pontuação completa reservada.";"Mecanismo proposto ou configuração descrita; estado conforme documento.";PRJ40-EV05 | PRJ40-EV06;Dados Externos de Crédito
PRJ40-ATV04;C2;Preparação dos cenários;Documentação;"30 mil propostas em 16 padrões de ausência definidos na matriz. A referência completa fica reservada para avaliação. O intervalo sinaliza 412 casos que zero/mediana tratavam como confiantes; 228 desses mudam de lado quando a referência completa é revelada. Há 184 sinalizações conservadoras sem mudança de decisão. Métodos usam o mesmo conjunto.";"Entradas e populações documentadas no método; recortes identificados no arquivo de entradas.";PRJ40-EV05 | PRJ40-EV06 | PRJ40-EV12;Dados Externos de Crédito
PRJ40-ATV05;C2;Registro de medições;Teste;"Arquivar medições por versão e cenário. Contadores de ocorrências são separados de medições escalares e histogramas; seu significado é dado pelo método.";Arquivo de medições organizado por ensaio e versão, com unidade indicada em cada registro.;PRJ40-EV08;Dados Externos de Crédito
PRJ40-ATV06;C3;Análise de ocorrências;Análise;"fontes F1/F2 ausentes; zero gera 0,64; intervalo[0,48;0,70]";referência completa 0,55: mudança confirmada;PRJ40-EV11;Dados Externos de Crédito
PRJ40-ATV07;C3;Conferência dos resultados;Teste;"Calcular os indicadores a partir dos registros localizados; distinguir versões e denominadores.";"intervalo-v1: decisões sinalizadas para revisão=412; intervalo-v1: sinalizações com mudança de decisão na referência completa=228; intervalo-v1: sinalizações sem mudança na referência completa=184";PRJ40-EV08 | PRJ40-EV09;Dados Externos de Crédito
PRJ40-ATV08;C4;Consolidação técnica;Documentação;A matriz não contém ausência conjunta das três fontes raras R1,R2,R3, embora o objetivo original incluísse esse ramo. Os limites condicionais nesse ramo não foram estimados, portanto não se sustenta cobertura geral de ausência. Comparação futura com outros estimadores não substitui essa limitação específica.;Limites e próxima ação registrados na data de corte.;PRJ40-EV07 | PRJ40-EV13;Dados Externos de Crédito
